Time,V
-3.3200E-07,1.4648636103E-03
-3.3100E-07,1.4635774851E-03
-3.3000E-07,1.4599752665E-03
-3.2900E-07,1.4531044245E-03
-3.2800E-07,1.4646530390E-03
-3.2700E-07,1.4485567331E-03
-3.2600E-07,1.4666942835E-03
-3.2500E-07,1.4640459299E-03
-3.2400E-07,1.4540598154E-03
-3.2300E-07,1.4551002741E-03
-3.2200E-07,1.4435617685E-03
-3.2100E-07,1.4614050150E-03
-3.2000E-07,1.4406635523E-03
-3.1900E-07,1.4490844965E-03
-3.1800E-07,1.4614626169E-03
-3.1700E-07,1.4525877237E-03
-3.1600E-07,1.4498317957E-03
-3.1500E-07,1.4718693018E-03
-3.1400E-07,1.4500482798E-03
-3.1300E-07,1.4545416117E-03
-3.1200E-07,1.4418827295E-03
-3.1100E-07,1.4566612482E-03
-3.1000E-07,1.4549833536E-03
-3.0900E-07,1.4628349543E-03
-3.0800E-07,1.4507763147E-03
-3.0700E-07,1.4582050562E-03
-3.0600E-07,1.4566547632E-03
-3.0500E-07,1.4504825830E-03
-3.0400E-07,1.4714740992E-03
-3.0300E-07,1.4631218195E-03
-3.0200E-07,1.4662777185E-03
-3.0100E-07,1.4481029749E-03
-3.0000E-07,1.4761663675E-03
-2.9900E-07,1.4595648050E-03
-2.9800E-07,1.4634954691E-03
-2.9700E-07,1.4544971704E-03
-2.9600E-07,1.4609195948E-03
-2.9500E-07,1.4665935755E-03
-2.9400E-07,1.4645738840E-03
-2.9300E-07,1.4505851984E-03
-2.9200E-07,1.4581390619E-03
-2.9100E-07,1.4381309748E-03
-2.9000E-07,1.4605406046E-03
-2.8900E-07,1.4678085566E-03
-2.8800E-07,1.4653558969E-03
-2.8700E-07,1.4523947001E-03
-2.8600E-07,1.4687973261E-03
-2.8500E-07,1.4504987955E-03
-2.8400E-07,1.4654197931E-03
-2.8300E-07,1.4688884974E-03
-2.8200E-07,1.4689533472E-03
-2.8100E-07,1.4520918131E-03
-2.8000E-07,1.4570165873E-03
-2.7900E-07,1.4627044916E-03
-2.7800E-07,1.4630272150E-03
-2.7700E-07,1.4501400232E-03
-2.7600E-07,1.4557958841E-03
-2.7500E-07,1.4592771769E-03
-2.7400E-07,1.4679565668E-03
-2.7300E-07,1.4568109751E-03
-2.7200E-07,1.4537077188E-03
-2.7100E-07,1.4646330118E-03
-2.7000E-07,1.4695415735E-03
-2.6900E-07,1.4591224909E-03
-2.6800E-07,1.4743492365E-03
-2.6700E-07,1.4489219904E-03
-2.6600E-07,1.4526561975E-03
-2.6500E-07,1.4548027277E-03
-2.6400E-07,1.4634525537E-03
-2.6300E-07,1.4687935114E-03
-2.6200E-07,1.4426513910E-03
-2.6100E-07,1.4608614206E-03
-2.6000E-07,1.4650171518E-03
-2.5900E-07,1.4517992258E-03
-2.5800E-07,1.4614658594E-03
-2.5700E-07,1.4643314600E-03
-2.5600E-07,1.4688381433E-03
-2.5500E-07,1.4584553003E-03
-2.5400E-07,1.4734951258E-03
-2.5300E-07,1.4614841700E-03
-2.5200E-07,1.4680990458E-03
-2.5100E-07,1.4675928354E-03
-2.5000E-07,1.4534607172E-03
-2.4900E-07,1.4554003000E-03
-2.4800E-07,1.4624805689E-03
-2.4700E-07,1.4647278070E-03
-2.4600E-07,1.4546030283E-03
-2.4500E-07,1.4670894861E-03
-2.4400E-07,1.4563514948E-03
-2.4300E-07,1.4420042276E-03
-2.4200E-07,1.4454488993E-03
-2.4100E-07,1.4624918222E-03
-2.4000E-07,1.4569513559E-03
-2.3900E-07,1.4736677408E-03
-2.3800E-07,1.4529815912E-03
-2.3700E-07,1.4514459848E-03
-2.3600E-07,1.4501669168E-03
-2.3500E-07,1.4502258539E-03
-2.3400E-07,1.4531749964E-03
-2.3300E-07,1.4472467661E-03
-2.3200E-07,1.4458450556E-03
-2.3100E-07,1.4424621820E-03
-2.3000E-07,1.4740242243E-03
-2.2900E-07,1.4606308222E-03
-2.2800E-07,1.4580002069E-03
-2.2700E-07,1.4516441584E-03
-2.2600E-07,1.4600281000E-03
-2.2500E-07,1.4636017084E-03
-2.2400E-07,1.4593116999E-03
-2.2300E-07,1.4481529474E-03
-2.2200E-07,1.4596063852E-03
-2.2100E-07,1.4563188791E-03
-2.2000E-07,1.4389637232E-03
-2.1900E-07,1.4446102381E-03
-2.1800E-07,1.4473984003E-03
-2.1700E-07,1.4591388941E-03
-2.1600E-07,1.4581745386E-03
-2.1500E-07,1.4530971766E-03
-2.1400E-07,1.4560009241E-03
-2.1300E-07,1.4482752085E-03
-2.1200E-07,1.4514263391E-03
-2.1100E-07,1.4552667856E-03
-2.1000E-07,1.4585541010E-03
-2.0900E-07,1.4393228769E-03
-2.0800E-07,1.4482572794E-03
-2.0700E-07,1.4545444727E-03
-2.0600E-07,1.4512832880E-03
-2.0500E-07,1.4622150660E-03
-2.0400E-07,1.4437692881E-03
-2.0300E-07,1.4353857279E-03
-2.0200E-07,1.4553110361E-03
-2.0100E-07,1.4381227732E-03
-2.0000E-07,1.4611988306E-03
-1.9900E-07,1.4595146418E-03
-1.9800E-07,1.4696949244E-03
-1.9700E-07,1.4490324259E-03
-1.9600E-07,1.4653646708E-03
-1.9500E-07,1.4621978998E-03
-1.9400E-07,1.4674043894E-03
-1.9300E-07,1.4589517832E-03
-1.9200E-07,1.4575899363E-03
-1.9100E-07,1.4624056101E-03
-1.9000E-07,1.4608358622E-03
-1.8900E-07,1.4662834406E-03
-1.8800E-07,1.4520967722E-03
-1.8700E-07,1.4384271860E-03
-1.8600E-07,1.4499880075E-03
-1.8500E-07,1.4453729868E-03
-1.8400E-07,1.4656976938E-03
-1.8300E-07,1.4625723124E-03
-1.8200E-07,1.4602270365E-03
-1.8100E-07,1.4643535852E-03
-1.8000E-07,1.4696785212E-03
-1.7900E-07,1.4817745447E-03
-1.7800E-07,1.4853910685E-03
-1.7700E-07,1.4706241846E-03
-1.7600E-07,1.5017181635E-03
-1.7500E-07,1.4890335321E-03
-1.7400E-07,1.4853975534E-03
-1.7300E-07,1.4809894800E-03
-1.7200E-07,1.4898189783E-03
-1.7100E-07,1.4882417917E-03
-1.7000E-07,1.4965469599E-03
-1.6900E-07,1.4836515665E-03
-1.6800E-07,1.4983766794E-03
-1.6700E-07,1.4994058847E-03
-1.6600E-07,1.4949789286E-03
-1.6500E-07,1.4991241693E-03
-1.6400E-07,1.4993723154E-03
-1.6300E-07,1.4898681879E-03
-1.6200E-07,1.4969034433E-03
-1.6100E-07,1.4997953653E-03
-1.6000E-07,1.5166200876E-03
-1.5900E-07,1.5129850626E-03
-1.5800E-07,1.5104593515E-03
-1.5700E-07,1.5149523020E-03
-1.5600E-07,1.5145921946E-03
-1.5500E-07,1.5069647074E-03
-1.5400E-07,1.5127598047E-03
-1.5300E-07,1.5157579660E-03
-1.5200E-07,1.5103544474E-03
-1.5100E-07,1.5168745279E-03
-1.5000E-07,1.5258104563E-03
-1.4900E-07,1.5226101160E-03
-1.4800E-07,1.5273906946E-03
-1.4700E-07,1.5212557077E-03
-1.4600E-07,1.5297127008E-03
-1.4500E-07,1.5214630365E-03
-1.4400E-07,1.5527883768E-03
-1.4300E-07,1.5154022455E-03
-1.4200E-07,1.5501165628E-03
-1.4100E-07,1.5422016382E-03
-1.4000E-07,1.5572180033E-03
-1.3900E-07,1.5542715311E-03
-1.3800E-07,1.5651577234E-03
-1.3700E-07,1.5539222956E-03
-1.3600E-07,1.5709301233E-03
-1.3500E-07,1.5733556986E-03
-1.3400E-07,1.5912475824E-03
-1.3300E-07,1.5821668863E-03
-1.3200E-07,1.5882274866E-03
-1.3100E-07,1.5995744944E-03
-1.3000E-07,1.6013101816E-03
-1.2900E-07,1.6165600061E-03
-1.2800E-07,1.6213272333E-03
-1.2700E-07,1.6076286554E-03
-1.2600E-07,1.6321483850E-03
-1.2500E-07,1.6241239786E-03
-1.2400E-07,1.6351604700E-03
-1.2300E-07,1.6346754313E-03
-1.2200E-07,1.6407352686E-03
-1.2100E-07,1.6426018000E-03
-1.2000E-07,1.6505932093E-03
-1.1900E-07,1.6371526957E-03
-1.1800E-07,1.6731886148E-03
-1.1700E-07,1.6575021982E-03
-1.1600E-07,1.6844446421E-03
-1.1500E-07,1.6759437799E-03
-1.1400E-07,1.6826668024E-03
-1.1300E-07,1.7027260065E-03
-1.1200E-07,1.7129179239E-03
-1.1100E-07,1.7346946955E-03
-1.1000E-07,1.7266029596E-03
-1.0900E-07,1.7486873865E-03
-1.0800E-07,1.7594808817E-03
-1.0700E-07,1.7601705790E-03
-1.0600E-07,1.7891964197E-03
-1.0500E-07,1.7866350412E-03
-1.0400E-07,1.8023807764E-03
-1.0300E-07,1.8289928675E-03
-1.0200E-07,1.8386717081E-03
-1.0100E-07,1.8648159266E-03
-1.0000E-07,1.8960184336E-03
-9.9000E-08,1.9076639414E-03
-9.8000E-08,1.9274322748E-03
-9.7000E-08,1.9335521936E-03
-9.6000E-08,1.9621290445E-03
-9.5000E-08,1.9926174402E-03
-9.4000E-08,2.0055605173E-03
-9.3000E-08,2.0133371592E-03
-9.2000E-08,2.0431225061E-03
-9.1000E-08,2.0636608362E-03
-9.0000E-08,2.0846161127E-03
-8.9000E-08,2.1077604532E-03
-8.8000E-08,2.1429327250E-03
-8.7000E-08,2.1829111338E-03
-8.6000E-08,2.2229618311E-03
-8.5000E-08,2.2544931650E-03
-8.4000E-08,2.3055336237E-03
-8.3000E-08,2.3352171183E-03
-8.2000E-08,2.3778419733E-03
-8.1000E-08,2.4427303553E-03
-8.0000E-08,2.5016615152E-03
-7.9000E-08,2.5625623941E-03
-7.8000E-08,2.6115280390E-03
-7.7000E-08,2.6989162683E-03
-7.6000E-08,2.7420936823E-03
-7.5000E-08,2.8069149256E-03
-7.4000E-08,2.8860229731E-03
-7.3000E-08,2.9793928385E-03
-7.2000E-08,3.0559246302E-03
-7.1000E-08,3.1299106836E-03
-7.0000E-08,3.2255506754E-03
-6.9000E-08,3.3189777613E-03
-6.8000E-08,3.4398401499E-03
-6.7000E-08,3.5008358240E-03
-6.6000E-08,3.6224395990E-03
-6.5000E-08,3.7337721109E-03
-6.4000E-08,3.8255235910E-03
-6.3000E-08,3.9539333582E-03
-6.2000E-08,4.0505861521E-03
-6.1000E-08,4.1615020990E-03
-6.0000E-08,4.2759762049E-03
-5.9000E-08,4.4035663843E-03
-5.8000E-08,4.5273088694E-03
-5.7000E-08,4.6592024088E-03
-5.6000E-08,4.8065799952E-03
-5.5000E-08,4.9528259516E-03
-5.4000E-08,5.1077507257E-03
-5.3000E-08,5.2816854715E-03
-5.2000E-08,5.4230974436E-03
-5.1000E-08,5.5999738932E-03
-5.0000E-08,5.7804115534E-03
-4.9000E-08,5.9697540522E-03
-4.8000E-08,6.1815067530E-03
-4.7000E-08,6.4132417917E-03
-4.6000E-08,6.6496736765E-03
-4.5000E-08,6.8836061716E-03
-4.4000E-08,7.1589483500E-03
-4.3000E-08,7.4534334421E-03
-4.2000E-08,7.7825033426E-03
-4.1000E-08,8.0965662241E-03
-4.0000E-08,8.4468914270E-03
-3.9000E-08,8.8047189951E-03
-3.8000E-08,9.1850126505E-03
-3.7000E-08,9.5700853586E-03
-3.6000E-08,9.9772884607E-03
-3.5000E-08,1.0369740701E-02
-3.4000E-08,1.0816237664E-02
-3.3000E-08,1.1301153970E-02
-3.2000E-08,1.1815982842E-02
-3.1000E-08,1.2407177377E-02
-3.0000E-08,1.3033589005E-02
-2.9000E-08,1.3655629563E-02
-2.8000E-08,1.4332021546E-02
-2.7000E-08,1.5090160394E-02
-2.6000E-08,1.5925503755E-02
-2.5000E-08,1.6729332757E-02
-2.4000E-08,1.7615510201E-02
-2.3000E-08,1.8550185037E-02
-2.2000E-08,1.9510357690E-02
-2.1000E-08,2.0502227044E-02
-2.0000E-08,2.1424250054E-02
-1.9000E-08,2.2370277238E-02
-1.8000E-08,2.3302486825E-02
-1.7000E-08,2.4210813355E-02
-1.6000E-08,2.5128966546E-02
-1.5000E-08,2.5988517785E-02
-1.4000E-08,2.6866479135E-02
-1.3000E-08,2.7699045014E-02
-1.2000E-08,2.8599583459E-02
-1.1000E-08,2.9429822564E-02
-1.0000E-08,3.0232600999E-02
-9.0000E-09,3.1015692353E-02
-8.0000E-09,3.1782090783E-02
-7.0000E-09,3.2548737550E-02
-6.0000E-09,3.3256262612E-02
-5.0000E-09,3.3933117890E-02
-4.0000E-09,3.4654200768E-02
-3.0000E-09,3.5360935807E-02
-2.0000E-09,3.5995019174E-02
-1.0000E-09,3.6700218415E-02
5.0320E-22,3.7447153497E-02
1.0000E-09,3.8155130792E-02
2.0000E-09,3.8742120004E-02
3.0000E-09,3.9297493577E-02
4.0000E-09,3.9854262185E-02
5.0000E-09,4.0439615655E-02
6.0000E-09,4.0964247346E-02
7.0000E-09,4.1494475770E-02
8.0000E-09,4.1970329499E-02
9.0000E-09,4.2498077226E-02
1.0000E-08,4.2977652764E-02
1.1000E-08,4.3431032395E-02
1.2000E-08,4.3903607392E-02
1.3000E-08,4.4380916810E-02
1.4000E-08,4.4810172486E-02
1.5000E-08,4.5212113976E-02
1.6000E-08,4.5596860337E-02
1.7000E-08,4.5981416917E-02
1.8000E-08,4.6365530038E-02
1.9000E-08,4.6759239984E-02
2.0000E-08,4.7124232125E-02
2.1000E-08,4.7534049058E-02
2.2000E-08,4.7878644776E-02
2.3000E-08,4.8201634812E-02
2.4000E-08,4.8521870065E-02
2.5000E-08,4.8884804368E-02
2.6000E-08,4.9230566430E-02
2.7000E-08,4.9527714562E-02
2.8000E-08,4.9860385346E-02
2.9000E-08,5.0190720010E-02
3.0000E-08,5.0493318009E-02
3.1000E-08,5.0774600625E-02
3.2000E-08,5.1066951585E-02
3.3000E-08,5.1352677941E-02
3.4000E-08,5.1570181298E-02
3.5000E-08,5.1855958772E-02
3.6000E-08,5.2040092874E-02
3.7000E-08,5.2315227914E-02
3.8000E-08,5.2497503304E-02
3.9000E-08,5.2751123071E-02
4.0000E-08,5.2928152108E-02
4.1000E-08,5.3163990235E-02
4.2000E-08,5.3342737222E-02
4.3000E-08,5.3552588677E-02
4.4000E-08,5.3761623406E-02
4.5000E-08,5.3949140573E-02
4.6000E-08,5.4109951425E-02
4.7000E-08,5.4275560212E-02
4.8000E-08,5.4419034410E-02
4.9000E-08,5.4559883523E-02
5.0000E-08,5.4703219628E-02
5.1000E-08,5.4844664598E-02
5.2000E-08,5.4987290025E-02
5.3000E-08,5.5111928582E-02
5.4000E-08,5.5212430024E-02
5.5000E-08,5.5328796220E-02
5.6000E-08,5.5423758912E-02
5.7000E-08,5.5531614137E-02
5.8000E-08,5.5681066918E-02
5.9000E-08,5.5751945329E-02
6.0000E-08,5.5852654672E-02
6.1000E-08,5.5966202188E-02
6.2000E-08,5.6025725389E-02
6.3000E-08,5.6125737214E-02
6.4000E-08,5.6203945184E-02
6.5000E-08,5.6264902902E-02
6.6000E-08,5.6335302758E-02
6.7000E-08,5.6419701600E-02
6.8000E-08,5.6493972993E-02
6.9000E-08,5.6569736886E-02
7.0000E-08,5.6626475739E-02
7.1000E-08,5.6691611505E-02
7.2000E-08,5.6736610627E-02
7.3000E-08,5.6770150018E-02
7.4000E-08,5.6815064645E-02
7.5000E-08,5.6851713967E-02
7.6000E-08,5.6883111787E-02
7.7000E-08,5.6898081613E-02
7.8000E-08,5.6896619630E-02
7.9000E-08,5.6944886231E-02
8.0000E-08,5.6964413667E-02
8.1000E-08,5.7007440972E-02
8.2000E-08,5.6989883065E-02
8.3000E-08,5.7025411630E-02
8.4000E-08,5.7028624940E-02
8.5000E-08,5.7056950021E-02
8.6000E-08,5.7031878686E-02
8.7000E-08,5.7047625947E-02
8.8000E-08,5.7070059419E-02
8.9000E-08,5.7019512010E-02
9.0000E-08,5.7041700578E-02
9.1000E-08,5.7047206140E-02
9.2000E-08,5.7021741700E-02
9.3000E-08,5.7018570542E-02
9.4000E-08,5.7009457612E-02
9.5000E-08,5.6997806001E-02
9.6000E-08,5.6956006646E-02
9.7000E-08,5.6935313249E-02
9.8000E-08,5.6921050477E-02
9.9000E-08,5.6900726342E-02
1.0000E-07,5.6863763642E-02
1.0100E-07,5.6859883523E-02
1.0200E-07,5.6818051362E-02
1.0300E-07,5.6765646768E-02
1.0400E-07,5.6758293939E-02
1.0500E-07,5.6727072740E-02
1.0600E-07,5.6670316529E-02
1.0700E-07,5.6650217652E-02
1.0800E-07,5.6577314782E-02
1.0900E-07,5.6544303727E-02
1.1000E-07,5.6493871903E-02
1.1100E-07,5.6455742288E-02
1.1200E-07,5.6407672715E-02
1.1300E-07,5.6348505616E-02
1.1400E-07,5.6260661530E-02
1.1500E-07,5.6197057557E-02
1.1600E-07,5.6152710176E-02
1.1700E-07,5.6087426591E-02
1.1800E-07,5.6000184846E-02
1.1900E-07,5.5941494393E-02
1.2000E-07,5.5881435418E-02
1.2100E-07,5.5834904313E-02
1.2200E-07,5.5738277078E-02
1.2300E-07,5.5689592957E-02
1.2400E-07,5.5577623773E-02
1.2500E-07,5.5519814706E-02
1.2600E-07,5.5437267518E-02
1.2700E-07,5.5375210404E-02
1.2800E-07,5.5276199174E-02
1.2900E-07,5.5225459313E-02
1.3000E-07,5.5115865159E-02
1.3100E-07,5.5067172837E-02
1.3200E-07,5.4945359445E-02
1.3300E-07,5.4878985047E-02
1.3400E-07,5.4752885270E-02
1.3500E-07,5.4663584924E-02
1.3600E-07,5.4567559075E-02
1.3700E-07,5.4486548066E-02
1.3800E-07,5.4374401307E-02
1.3900E-07,5.4315065980E-02
1.4000E-07,5.4203999352E-02
1.4100E-07,5.4111141992E-02
1.4200E-07,5.4014236856E-02
1.4300E-07,5.3937282205E-02
1.4400E-07,5.3834387994E-02
1.4500E-07,5.3744293809E-02
1.4600E-07,5.3628166032E-02
1.4700E-07,5.3526138139E-02
1.4800E-07,5.3439861131E-02
1.4900E-07,5.3338828111E-02
1.5000E-07,5.3212786126E-02
1.5100E-07,5.3114562058E-02
1.5200E-07,5.3014629579E-02
1.5300E-07,5.2905426621E-02
1.5400E-07,5.2819604325E-02
1.5500E-07,5.2708135819E-02
1.5600E-07,5.2626037812E-02
1.5700E-07,5.2532751489E-02
1.5800E-07,5.2412566781E-02
1.5900E-07,5.2303458619E-02
1.6000E-07,5.2206778741E-02
1.6100E-07,5.2109142709E-02
1.6200E-07,5.2017382836E-02
1.6300E-07,5.1929891801E-02
1.6400E-07,5.1812553239E-02
1.6500E-07,5.1677069306E-02
1.6600E-07,5.1606064820E-02
1.6700E-07,5.1493398309E-02
1.6800E-07,5.1400997567E-02
1.6900E-07,5.1315779710E-02
1.7000E-07,5.1204484963E-02
1.7100E-07,5.1118596292E-02
1.7200E-07,5.0986562181E-02
1.7300E-07,5.0891697717E-02
1.7400E-07,5.0775972009E-02
1.7500E-07,5.0671372437E-02
1.7600E-07,5.0514887452E-02
1.7700E-07,5.0439482522E-02
1.7800E-07,5.0298170686E-02
1.7900E-07,5.0213594079E-02
1.8000E-07,5.0082156587E-02
1.8100E-07,4.9950222421E-02
1.8200E-07,4.9848818040E-02
1.8300E-07,4.9717829347E-02
1.8400E-07,4.9596441293E-02
1.8500E-07,4.9464390206E-02
1.8600E-07,4.9386378121E-02
1.8700E-07,4.9238092256E-02
1.8800E-07,4.9147255540E-02
1.8900E-07,4.9038046098E-02
1.9000E-07,4.8891161561E-02
1.9100E-07,4.8823051095E-02
1.9200E-07,4.8695093369E-02
1.9300E-07,4.8588311791E-02
1.9400E-07,4.8447431397E-02
1.9500E-07,4.8332615495E-02
1.9600E-07,4.8230665231E-02
1.9700E-07,4.8118108582E-02
1.9800E-07,4.7960673165E-02
1.9900E-07,4.7882278848E-02
2.0000E-07,4.7749378800E-02
2.0100E-07,4.7661382699E-02
2.0200E-07,4.7524998307E-02
2.0300E-07,4.7420965981E-02
2.0400E-07,4.7306973672E-02
2.0500E-07,4.7219086671E-02
2.0600E-07,4.7098908448E-02
2.0700E-07,4.6977749085E-02
2.0800E-07,4.6872350907E-02
2.0900E-07,4.6758848977E-02
2.1000E-07,4.6641047120E-02
2.1100E-07,4.6535483384E-02
2.1200E-07,4.6410807824E-02
2.1300E-07,4.6321168160E-02
2.1400E-07,4.6185253739E-02
2.1500E-07,4.6063064981E-02
2.1600E-07,4.5932004762E-02
2.1700E-07,4.5795834374E-02
2.1800E-07,4.5668582749E-02
2.1900E-07,4.5590515542E-02
2.2000E-07,4.5458225083E-02
2.2100E-07,4.5320337892E-02
2.2200E-07,4.5210286546E-02
2.2300E-07,4.5108077645E-02
2.2400E-07,4.4988393807E-02
2.2500E-07,4.4875632691E-02
2.2600E-07,4.4729558587E-02
2.2700E-07,4.4614824510E-02
2.2800E-07,4.4526315522E-02
2.2900E-07,4.4383562112E-02
2.3000E-07,4.4262947488E-02
2.3100E-07,4.4169645715E-02
2.3200E-07,4.4008324265E-02
2.3300E-07,4.3885330606E-02
2.3400E-07,4.3800858712E-02
2.3500E-07,4.3676761842E-02
2.3600E-07,4.3524251580E-02
2.3700E-07,4.3420919442E-02
2.3800E-07,4.3293804955E-02
2.3900E-07,4.3190706849E-02
2.4000E-07,4.3065306878E-02
2.4100E-07,4.2994692826E-02
2.4200E-07,4.2855815721E-02
2.4300E-07,4.2752491403E-02
2.4400E-07,4.2633474565E-02
2.4500E-07,4.2528955293E-02
2.4600E-07,4.2391048837E-02
2.4700E-07,4.2263583016E-02
2.4800E-07,4.2129659104E-02
2.4900E-07,4.2042621064E-02
2.5000E-07,4.1927385163E-02
2.5100E-07,4.1814491105E-02
2.5200E-07,4.1680997300E-02
2.5300E-07,4.1560216928E-02
2.5400E-07,4.1418005967E-02
2.5500E-07,4.1311150765E-02
2.5600E-07,4.1198400331E-02
2.5700E-07,4.1080572724E-02
2.5800E-07,4.0971384454E-02
2.5900E-07,4.0832378602E-02
2.6000E-07,4.0746306443E-02
2.6100E-07,4.0616583276E-02
2.6200E-07,4.0497562242E-02
2.6300E-07,4.0420228601E-02
2.6400E-07,4.0306455255E-02
2.6500E-07,4.0215308213E-02
2.6600E-07,4.0122196984E-02
2.6700E-07,3.9992383218E-02
2.6800E-07,3.9897090745E-02
2.6900E-07,3.9826986337E-02
2.7000E-07,3.9683587098E-02
2.7100E-07,3.9625779176E-02
2.7200E-07,3.9483474565E-02
2.7300E-07,3.9393702340E-02
2.7400E-07,3.9289231896E-02
2.7500E-07,3.9194133401E-02
2.7600E-07,3.9091794801E-02
2.7700E-07,3.8979879022E-02
2.7800E-07,3.8862866807E-02
2.7900E-07,3.8748629594E-02
2.8000E-07,3.8625640702E-02
2.8100E-07,3.8567739892E-02
2.8200E-07,3.8469872880E-02
2.8300E-07,3.8352672791E-02
2.8400E-07,3.8202769303E-02
2.8500E-07,3.8124540734E-02
2.8600E-07,3.7979930711E-02
2.8700E-07,3.7886750436E-02
2.8800E-07,3.7767217278E-02
2.8900E-07,3.7708084130E-02
2.9000E-07,3.7595309091E-02
2.9100E-07,3.7488692307E-02
2.9200E-07,3.7337058854E-02
2.9300E-07,3.7252435136E-02
2.9400E-07,3.7151482224E-02
2.9500E-07,3.7070939851E-02
2.9600E-07,3.6944494653E-02
2.9700E-07,3.6843240952E-02
2.9800E-07,3.6748886514E-02
2.9900E-07,3.6687436318E-02
3.0000E-07,3.6532776093E-02
3.0100E-07,3.6471290040E-02
3.0200E-07,3.6348463845E-02
3.0300E-07,3.6294754815E-02
3.0400E-07,3.6206254601E-02
3.0500E-07,3.6083500695E-02
3.0600E-07,3.6003806329E-02
3.0700E-07,3.5904821229E-02
3.0800E-07,3.5805803895E-02
3.0900E-07,3.5701688218E-02
3.1000E-07,3.5624219155E-02
3.1100E-07,3.5517802453E-02
3.1200E-07,3.5423171830E-02
3.1300E-07,3.5331715798E-02
3.1400E-07,3.5215074563E-02
3.1500E-07,3.5145260262E-02
3.1600E-07,3.5040785623E-02
3.1700E-07,3.4964690423E-02
3.1800E-07,3.4859144235E-02
3.1900E-07,3.4792281365E-02
3.2000E-07,3.4659785676E-02
3.2100E-07,3.4593153405E-02
3.2200E-07,3.4454717469E-02
3.2300E-07,3.4360112214E-02
3.2400E-07,3.4245041680E-02
3.2500E-07,3.4159379983E-02
3.2600E-07,3.4049512506E-02
3.2700E-07,3.3960318017E-02
3.2800E-07,3.3859224343E-02
3.2900E-07,3.3784169221E-02
3.3000E-07,3.3650733781E-02
3.3100E-07,3.3542811990E-02
3.3200E-07,3.3446689820E-02
3.3300E-07,3.3340499520E-02
3.3400E-07,3.3253916574E-02
3.3500E-07,3.3174881196E-02
3.3600E-07,3.3093617272E-02
3.3700E-07,3.2988930917E-02
3.3800E-07,3.2913710046E-02
3.3900E-07,3.2817013383E-02
3.4000E-07,3.2709241128E-02
3.4100E-07,3.2637819695E-02
3.4200E-07,3.2516242242E-02
3.4300E-07,3.2439437890E-02
3.4400E-07,3.2332868218E-02
3.4500E-07,3.2232355142E-02
3.4600E-07,3.2133456445E-02
3.4700E-07,3.2075254846E-02
3.4800E-07,3.1987791848E-02
3.4900E-07,3.1895571160E-02
3.5000E-07,3.1829272103E-02
3.5100E-07,3.1739807916E-02
3.5200E-07,3.1657407975E-02
3.5300E-07,3.1588852143E-02
3.5400E-07,3.1479557633E-02
3.5500E-07,3.1418525529E-02
3.5600E-07,3.1337467790E-02
3.5700E-07,3.1238512826E-02
3.5800E-07,3.1156847215E-02
3.5900E-07,3.1087032533E-02
3.6000E-07,3.1006875634E-02
3.6100E-07,3.0924689889E-02
3.6200E-07,3.0817837930E-02
3.6300E-07,3.0728513932E-02
3.6400E-07,3.0665908074E-02
3.6500E-07,3.0578052354E-02
3.6600E-07,3.0488633752E-02
3.6700E-07,3.0417612290E-02
3.6800E-07,3.0327638841E-02
3.6900E-07,3.0245593286E-02
3.7000E-07,3.0145769334E-02
3.7100E-07,3.0066069818E-02
3.7200E-07,2.9953046441E-02
3.7300E-07,2.9919078279E-02
3.7400E-07,2.9821441865E-02
3.7500E-07,2.9735076356E-02
3.7600E-07,2.9670925164E-02
3.7700E-07,2.9580540681E-02
3.7800E-07,2.9459492326E-02
3.7900E-07,2.9403647065E-02
3.8000E-07,2.9293998170E-02
3.8100E-07,2.9266203523E-02
3.8200E-07,2.9151626039E-02
3.8300E-07,2.9088302636E-02
3.8400E-07,2.8989258599E-02
3.8500E-07,2.8892214227E-02
3.8600E-07,2.8819471192E-02
3.8700E-07,2.8751799989E-02
3.8800E-07,2.8631590104E-02
3.8900E-07,2.8591831803E-02
3.9000E-07,2.8473563218E-02
3.9100E-07,2.8423424745E-02
3.9200E-07,2.8328551126E-02
3.9300E-07,2.8272235894E-02
3.9400E-07,2.8193966126E-02
3.9500E-07,2.8117699075E-02
3.9600E-07,2.8064340043E-02
3.9700E-07,2.7990377450E-02
3.9800E-07,2.7919061303E-02
3.9900E-07,2.7865026689E-02
4.0000E-07,2.7789715028E-02
4.0100E-07,2.7722233415E-02
4.0200E-07,2.7616156220E-02
4.0300E-07,2.7552458405E-02
4.0400E-07,2.7453051972E-02
4.0500E-07,2.7391761041E-02
4.0600E-07,2.7332369447E-02
4.0700E-07,2.7271098924E-02
4.0800E-07,2.7187463403E-02
4.0900E-07,2.7147798181E-02
4.1000E-07,2.7086446023E-02
4.1100E-07,2.6961154962E-02
4.1200E-07,2.6898860765E-02
4.1300E-07,2.6818310571E-02
4.1400E-07,2.6755239892E-02
4.1500E-07,2.6680482697E-02
4.1600E-07,2.6587434983E-02
4.1700E-07,2.6525497079E-02
4.1800E-07,2.6440155053E-02
4.1900E-07,2.6389905381E-02
4.2000E-07,2.6286824632E-02
4.2100E-07,2.6251701379E-02
4.2200E-07,2.6147488999E-02
4.2300E-07,2.6059298921E-02
4.2400E-07,2.5969024873E-02
4.2500E-07,2.5952977014E-02
4.2600E-07,2.5862909341E-02
4.2700E-07,2.5812297845E-02
4.2800E-07,2.5733217645E-02
4.2900E-07,2.5716705728E-02
4.3000E-07,2.5603416276E-02
4.3100E-07,2.5556462693E-02
4.3200E-07,2.5494993043E-02
4.3300E-07,2.5441070962E-02
4.3400E-07,2.5353472543E-02
4.3500E-07,2.5345825028E-02
4.3600E-07,2.5238879418E-02
4.3700E-07,2.5190288949E-02
4.3800E-07,2.5117616105E-02
4.3900E-07,2.5074749207E-02
4.4000E-07,2.4976451135E-02
4.4100E-07,2.4931517816E-02
4.4200E-07,2.4819847703E-02
4.4300E-07,2.4773090386E-02
4.4400E-07,2.4667091584E-02
4.4500E-07,2.4596932626E-02
4.4600E-07,2.4547774911E-02
4.4700E-07,2.4520884347E-02
4.4800E-07,2.4423411965E-02
4.4900E-07,2.4375414491E-02
4.5000E-07,2.4276489091E-02
4.5100E-07,2.4209867692E-02
4.5200E-07,2.4156456017E-02
4.5300E-07,2.4101053071E-02
4.5400E-07,2.4006827188E-02
4.5500E-07,2.3966160226E-02
4.5600E-07,2.3891101098E-02
4.5700E-07,2.3822577882E-02
4.5800E-07,2.3756466126E-02
4.5900E-07,2.3700660157E-02
4.6000E-07,2.3632346940E-02
4.6100E-07,2.3557238221E-02
4.6200E-07,2.3492587686E-02
4.6300E-07,2.3423060250E-02
4.6400E-07,2.3334591889E-02
4.6500E-07,2.3275813699E-02
4.6600E-07,2.3211541963E-02
4.6700E-07,2.3165294099E-02
4.6800E-07,2.3118996644E-02
4.6900E-07,2.3039475274E-02
4.7000E-07,2.2980091691E-02
4.7100E-07,2.2896731400E-02
4.7200E-07,2.2830141473E-02
4.7300E-07,2.2757921433E-02
4.7400E-07,2.2693892312E-02
4.7500E-07,2.2605247903E-02
4.7600E-07,2.2581596208E-02
4.7700E-07,2.2500414491E-02
4.7800E-07,2.2480899644E-02
4.7900E-07,2.2389260888E-02
4.8000E-07,2.2332802224E-02
4.8100E-07,2.2295381570E-02
4.8200E-07,2.2204276490E-02
4.8300E-07,2.2119531846E-02
4.8400E-07,2.2069347405E-02
4.8500E-07,2.1998127198E-02
4.8600E-07,2.1987629151E-02
4.8700E-07,2.1908891320E-02
4.8800E-07,2.1854862046E-02
4.8900E-07,2.1806180787E-02
4.9000E-07,2.1745602250E-02
4.9100E-07,2.1677638841E-02
4.9200E-07,2.1633549905E-02
4.9300E-07,2.1577310205E-02
4.9400E-07,2.1514128900E-02
4.9500E-07,2.1465009141E-02
4.9600E-07,2.1397195458E-02
4.9700E-07,2.1361475968E-02
4.9800E-07,2.1282544732E-02
4.9900E-07,2.1223524308E-02
5.0000E-07,2.1180953622E-02
5.0100E-07,2.1121186280E-02
5.0200E-07,2.1085018373E-02
5.0300E-07,2.1035831285E-02
5.0400E-07,2.1013647866E-02
5.0500E-07,2.0949486756E-02
5.0600E-07,2.0875871491E-02
5.0700E-07,2.0839836144E-02
5.0800E-07,2.0751100373E-02
5.0900E-07,2.0720999742E-02
5.1000E-07,2.0648376870E-02
5.1100E-07,2.0592677903E-02
5.1200E-07,2.0532576203E-02
5.1300E-07,2.0469824433E-02
5.1400E-07,2.0414365029E-02
5.1500E-07,2.0351392198E-02
5.1600E-07,2.0299351907E-02
5.1700E-07,2.0249803948E-02
5.1800E-07,2.0147134042E-02
5.1900E-07,2.0120871377E-02
5.2000E-07,2.0067975450E-02
5.2100E-07,2.0034359956E-02
5.2200E-07,1.9955427957E-02
5.2300E-07,1.9897139955E-02
5.2400E-07,1.9841928124E-02
5.2500E-07,1.9795107675E-02
5.2600E-07,1.9757482553E-02
5.2700E-07,1.9712992692E-02
5.2800E-07,1.9660873437E-02
5.2900E-07,1.9594386697E-02
5.3000E-07,1.9543784356E-02
5.3100E-07,1.9507544923E-02
5.3200E-07,1.9482507539E-02
5.3300E-07,1.9411212564E-02
5.3400E-07,1.9348287988E-02
5.3500E-07,1.9295289445E-02
5.3600E-07,1.9238344216E-02
5.3700E-07,1.9222857308E-02
5.3800E-07,1.9152148080E-02
5.3900E-07,1.9093171716E-02
5.4000E-07,1.9041395593E-02
5.4100E-07,1.9011020303E-02
5.4200E-07,1.8924003243E-02
5.4300E-07,1.8877626824E-02
5.4400E-07,1.8812757516E-02
5.4500E-07,1.8761893296E-02
5.4600E-07,1.8724717736E-02
5.4700E-07,1.8666764283E-02
5.4800E-07,1.8613839555E-02
5.4900E-07,1.8574217629E-02
5.5000E-07,1.8511276460E-02
5.5100E-07,1.8483633065E-02
5.5200E-07,1.8433997560E-02
5.5300E-07,1.8361798501E-02
5.5400E-07,1.8318494821E-02
5.5500E-07,1.8276366258E-02
5.5600E-07,1.8201355767E-02
5.5700E-07,1.8184017777E-02
5.5800E-07,1.8131502748E-02
5.5900E-07,1.8085973763E-02
5.6000E-07,1.8046909738E-02
5.6100E-07,1.8003699136E-02
5.6200E-07,1.7987202477E-02
5.6300E-07,1.7926964402E-02
5.6400E-07,1.7884195352E-02
5.6500E-07,1.7828751969E-02
5.6600E-07,1.7787116265E-02
5.6700E-07,1.7750833917E-02
5.6800E-07,1.7701549172E-02
5.6900E-07,1.7658370233E-02
5.7000E-07,1.7611221337E-02
5.7100E-07,1.7589822412E-02
5.7200E-07,1.7514220071E-02
5.7300E-07,1.7482766938E-02
5.7400E-07,1.7421470475E-02
5.7500E-07,1.7391893220E-02
5.7600E-07,1.7315480447E-02
5.7700E-07,1.7293885255E-02
5.7800E-07,1.7274598908E-02
5.7900E-07,1.7168181634E-02
5.8000E-07,1.7148473001E-02
5.8100E-07,1.7119201875E-02
5.8200E-07,1.7057312036E-02
5.8300E-07,1.7017115235E-02
5.8400E-07,1.6958013749E-02
5.8500E-07,1.6926136231E-02
5.8600E-07,1.6876825738E-02
5.8700E-07,1.6849328446E-02
5.8800E-07,1.6799825692E-02
5.8900E-07,1.6734580064E-02
5.9000E-07,1.6704855371E-02
5.9100E-07,1.6639508080E-02
5.9200E-07,1.6629268861E-02
5.9300E-07,1.6570495439E-02
5.9400E-07,1.6551617074E-02
5.9500E-07,1.6528547692E-02
5.9600E-07,1.6500263238E-02
5.9700E-07,1.6423676896E-02
5.9800E-07,1.6401815057E-02
5.9900E-07,1.6361505151E-02
6.0000E-07,1.6325106072E-02
6.0100E-07,1.6306229806E-02
6.0200E-07,1.6241993165E-02
6.0300E-07,1.6197301126E-02
6.0400E-07,1.6157881570E-02
6.0500E-07,1.6110800004E-02
6.0600E-07,1.6089858460E-02
6.0700E-07,1.6029097581E-02
6.0800E-07,1.5990120721E-02
6.0900E-07,1.5961785340E-02
6.1000E-07,1.5883613038E-02
6.1100E-07,1.5844568658E-02
6.1200E-07,1.5821041322E-02
6.1300E-07,1.5746792054E-02
6.1400E-07,1.5754961038E-02
6.1500E-07,1.5677814126E-02
6.1600E-07,1.5650753045E-02
6.1700E-07,1.5582956910E-02
6.1800E-07,1.5560994554E-02
6.1900E-07,1.5513888383E-02
6.2000E-07,1.5472706056E-02
6.2100E-07,1.5429234719E-02
6.2200E-07,1.5369733834E-02
6.2300E-07,1.5365376496E-02
6.2400E-07,1.5309124970E-02
6.2500E-07,1.5273397279E-02
6.2600E-07,1.5268641496E-02
6.2700E-07,1.5204011559E-02
6.2800E-07,1.5185625291E-02
6.2900E-07,1.5119405961E-02
6.3000E-07,1.5080967736E-02
6.3100E-07,1.5031783319E-02
6.3200E-07,1.5012930322E-02
6.3300E-07,1.4953317475E-02
6.3400E-07,1.4916439843E-02
6.3500E-07,1.4868205094E-02
6.3600E-07,1.4825149941E-02
6.3700E-07,1.4788610864E-02
6.3800E-07,1.4753645539E-02
6.3900E-07,1.4707505822E-02
6.4000E-07,1.4661209512E-02
6.4100E-07,1.4637822938E-02
6.4200E-07,1.4592806649E-02
6.4300E-07,1.4546209168E-02
6.4400E-07,1.4491531968E-02
6.4500E-07,1.4458527589E-02
6.4600E-07,1.4418620706E-02
6.4700E-07,1.4389466882E-02
6.4800E-07,1.4368978715E-02
6.4900E-07,1.4314515328E-02
6.5000E-07,1.4283618188E-02
6.5100E-07,1.4247996545E-02
6.5200E-07,1.4214534211E-02
6.5300E-07,1.4180419564E-02
6.5400E-07,1.4147536874E-02
6.5500E-07,1.4105509973E-02
6.5600E-07,1.4057726884E-02
6.5700E-07,1.4043841195E-02
6.5800E-07,1.4015928674E-02
6.5900E-07,1.4002021241E-02
6.6000E-07,1.3973270822E-02
6.6100E-07,1.3920959878E-02
6.6200E-07,1.3911470628E-02
6.6300E-07,1.3850503373E-02
6.6400E-07,1.3848476624E-02
6.6500E-07,1.3774679208E-02
6.6600E-07,1.3757283807E-02
6.6700E-07,1.3683303285E-02
6.6800E-07,1.3686995339E-02
6.6900E-07,1.3639201760E-02
6.7000E-07,1.3621249032E-02
6.7100E-07,1.3556006837E-02
6.7200E-07,1.3580427384E-02
6.7300E-07,1.3528874421E-02
6.7400E-07,1.3503884912E-02
6.7500E-07,1.3456667924E-02
6.7600E-07,1.3428921723E-02
6.7700E-07,1.3389798188E-02
6.7800E-07,1.3362712884E-02
6.7900E-07,1.3318471169E-02
6.8000E-07,1.3304187799E-02
6.8100E-07,1.3253259301E-02
6.8200E-07,1.3262474275E-02
6.8300E-07,1.3206645226E-02
6.8400E-07,1.3192436433E-02
6.8500E-07,1.3158240151E-02
6.8600E-07,1.3141812348E-02
6.8700E-07,1.3096281457E-02
6.8800E-07,1.3062046266E-02
6.8900E-07,1.3038847756E-02
6.9000E-07,1.3002134347E-02
6.9100E-07,1.2952152848E-02
6.9200E-07,1.2928414369E-02
6.9300E-07,1.2884560418E-02
6.9400E-07,1.2859042382E-02
6.9500E-07,1.2819840264E-02
6.9600E-07,1.2818540406E-02
6.9700E-07,1.2749471498E-02
6.9800E-07,1.2718284440E-02
6.9900E-07,1.2687979913E-02
7.0000E-07,1.2661870980E-02
7.0100E-07,1.2634702897E-02
7.0200E-07,1.2595459771E-02
7.0300E-07,1.2555760217E-02
7.0400E-07,1.2526118493E-02
7.0500E-07,1.2493882203E-02
7.0600E-07,1.2478785157E-02
7.0700E-07,1.2427317071E-02
7.0800E-07,1.2426993394E-02
7.0900E-07,1.2388923097E-02
7.1000E-07,1.2366421914E-02
7.1100E-07,1.2313966966E-02
7.1200E-07,1.2290245271E-02
7.1300E-07,1.2280507493E-02
7.1400E-07,1.2227497506E-02
7.1500E-07,1.2230963349E-02
7.1600E-07,1.2193532586E-02
7.1700E-07,1.2163373208E-02
7.1800E-07,1.2133376145E-02
7.1900E-07,1.2084804940E-02
7.2000E-07,1.2059964204E-02
7.2100E-07,1.2019204926E-02
7.2200E-07,1.1991927552E-02
7.2300E-07,1.1962125421E-02
7.2400E-07,1.1968305039E-02
7.2500E-07,1.1914521623E-02
7.2600E-07,1.1901279473E-02
7.2700E-07,1.1833019471E-02
7.2800E-07,1.1897714067E-02
7.2900E-07,1.1823618913E-02
7.3000E-07,1.1830951715E-02
7.3100E-07,1.1767154336E-02
7.3200E-07,1.1779135346E-02
7.3300E-07,1.1745535302E-02
7.3400E-07,1.1708687997E-02
7.3500E-07,1.1657610917E-02
7.3600E-07,1.1627411485E-02
7.3700E-07,1.1596492791E-02
7.3800E-07,1.1589702821E-02
7.3900E-07,1.1549937463E-02
7.4000E-07,1.1517206216E-02
7.4100E-07,1.1485185838E-02
7.4200E-07,1.1471768785E-02
7.4300E-07,1.1467851663E-02
7.4400E-07,1.1438506913E-02
7.4500E-07,1.1398664308E-02
7.4600E-07,1.1392344689E-02
7.4700E-07,1.1359914613E-02
7.4800E-07,1.1328831887E-02
7.4900E-07,1.1298070931E-02
7.5000E-07,1.1287303376E-02
7.5100E-07,1.1265629411E-02
7.5200E-07,1.1240227723E-02
7.5300E-07,1.1222292161E-02
7.5400E-07,1.1197443795E-02
7.5500E-07,1.1153778291E-02
7.5600E-07,1.1141884255E-02
7.5700E-07,1.1115045190E-02
7.5800E-07,1.1087231278E-02
7.5900E-07,1.1045661378E-02
7.6000E-07,1.1051159692E-02
7.6100E-07,1.1012708116E-02
7.6200E-07,1.0994923043E-02
7.6300E-07,1.0940563416E-02
7.6400E-07,1.0951882386E-02
7.6500E-07,1.0937514710E-02
7.6600E-07,1.0928819871E-02
7.6700E-07,1.0877046609E-02
7.6800E-07,1.0878716493E-02
7.6900E-07,1.0837015557E-02
7.7000E-07,1.0823016572E-02
7.7100E-07,1.0790138650E-02
7.7200E-07,1.0745212960E-02
7.7300E-07,1.0769944787E-02
7.7400E-07,1.0757180047E-02
7.7500E-07,1.0744033647E-02
7.7600E-07,1.0744083238E-02
7.7700E-07,1.0710675073E-02
7.7800E-07,1.0676620889E-02
7.7900E-07,1.0651816392E-02
7.8000E-07,1.0628240037E-02
7.8100E-07,1.0590218377E-02
7.8200E-07,1.0587257791E-02
7.8300E-07,1.0564495683E-02
7.8400E-07,1.0524859834E-02
7.8500E-07,1.0494937921E-02
7.8600E-07,1.0485197282E-02
7.8700E-07,1.0444491220E-02
7.8800E-07,1.0458927751E-02
7.8900E-07,1.0393387628E-02
7.9000E-07,1.0413760400E-02
7.9100E-07,1.0373064828E-02
7.9200E-07,1.0356948495E-02
7.9300E-07,1.0336364961E-02
7.9400E-07,1.0322098565E-02
7.9500E-07,1.0272569299E-02
7.9600E-07,1.0262617326E-02
7.9700E-07,1.0225432420E-02
7.9800E-07,1.0231096864E-02
7.9900E-07,1.0161516786E-02
8.0000E-07,1.0180404305E-02
8.0100E-07,1.0131677651E-02
8.0200E-07,1.0108278680E-02
8.0300E-07,1.0082953858E-02
8.0400E-07,1.0071498895E-02
8.0500E-07,1.0059529901E-02
8.0600E-07,1.0040038323E-02
8.0700E-07,1.0019975686E-02
8.0800E-07,1.0007501817E-02
8.0900E-07,9.9488365412E-03
8.1000E-07,9.9484894037E-03
8.1100E-07,9.9100851297E-03
8.1200E-07,9.8994812250E-03
8.1300E-07,9.8561575174E-03
8.1400E-07,9.8601129770E-03
8.1500E-07,9.8318521738E-03
8.1600E-07,9.8190700769E-03
8.1700E-07,9.7456598520E-03
8.1800E-07,9.7640400171E-03
8.1900E-07,9.7433918238E-03
8.2000E-07,9.7413517237E-03
8.2100E-07,9.7085306406E-03
8.2200E-07,9.7092968225E-03
8.2300E-07,9.6651489496E-03
8.2400E-07,9.6467499018E-03
8.2500E-07,9.6380359888E-03
8.2600E-07,9.6265444040E-03
8.2700E-07,9.5897665262E-03
8.2800E-07,9.5765650034E-03
8.2900E-07,9.5550739527E-03
8.3000E-07,9.5716926813E-03
8.3100E-07,9.5227659464E-03
8.3200E-07,9.5069135904E-03
8.3300E-07,9.4862024546E-03
8.3400E-07,9.4937494516E-03
8.3500E-07,9.4509954691E-03
8.3600E-07,9.4679420710E-03
8.3700E-07,9.4279045343E-03
8.3800E-07,9.4564666986E-03
8.3900E-07,9.4113407373E-03
8.4000E-07,9.4179565668E-03
8.4100E-07,9.3743189096E-03
8.4200E-07,9.3598858118E-03
8.4300E-07,9.3402282953E-03
8.4400E-07,9.3203119516E-03
8.4500E-07,9.2916458368E-03
8.4600E-07,9.2970651865E-03
8.4700E-07,9.2543161631E-03
8.4800E-07,9.2775476694E-03
8.4900E-07,9.2160694361E-03
8.5000E-07,9.2528105021E-03
8.5100E-07,9.2110939264E-03
8.5200E-07,9.2003322840E-03
8.5300E-07,9.1570480585E-03
8.5400E-07,9.1535169840E-03
8.5500E-07,9.1222650766E-03
8.5600E-07,9.1114889383E-03
8.5700E-07,9.0662536860E-03
8.5800E-07,9.0719663858E-03
8.5900E-07,9.0506778955E-03
8.6000E-07,9.0483436823E-03
8.6100E-07,9.0024496317E-03
8.6200E-07,8.9955242395E-03
8.6300E-07,8.9634903193E-03
8.6400E-07,8.9579786539E-03
8.6500E-07,8.9395826578E-03
8.6600E-07,8.9206417322E-03
8.6700E-07,8.9129091501E-03
8.6800E-07,8.8856846094E-03
8.6900E-07,8.8763012171E-03
8.7000E-07,8.8503910303E-03
8.7100E-07,8.8344537973E-03
8.7200E-07,8.7917602777E-03
8.7300E-07,8.7788244486E-03
8.7400E-07,8.7814224482E-03
8.7500E-07,8.7510998011E-03
8.7600E-07,8.7362854242E-03
8.7700E-07,8.7256321192E-03
8.7800E-07,8.7107565165E-03
8.7900E-07,8.6922695398E-03
8.8000E-07,8.6762354136E-03
8.8100E-07,8.6480444193E-03
8.8200E-07,8.6587497950E-03
8.8300E-07,8.5924427271E-03
8.8400E-07,8.6179456949E-03
8.8500E-07,8.5695751429E-03
8.8600E-07,8.5553371668E-03
8.8700E-07,8.5131885767E-03
8.8800E-07,8.5063766718E-03
8.8900E-07,8.4943300486E-03
8.9000E-07,8.4708748102E-03
8.9100E-07,8.4663465738E-03
8.9200E-07,8.4550115824E-03
8.9300E-07,8.4456020594E-03
8.9400E-07,8.4197445154E-03
8.9500E-07,8.3781418085E-03
8.9600E-07,8.3684620142E-03
8.9700E-07,8.3615101099E-03
8.9800E-07,8.3323328257E-03
8.9900E-07,8.2972194910E-03
9.0000E-07,8.2969990015E-03
9.0100E-07,8.2646673441E-03
9.0200E-07,8.2446674585E-03
9.0300E-07,8.2360029459E-03
9.0400E-07,8.2004118204E-03
9.0500E-07,8.2039217234E-03
9.0600E-07,8.2068130732E-03
9.0700E-07,8.1788280725E-03
9.0800E-07,8.1748518229E-03
9.0900E-07,8.1441618204E-03
9.1000E-07,8.1352829218E-03
9.1100E-07,8.1063755274E-03
9.1200E-07,8.1230751276E-03
9.1300E-07,8.0916866541E-03
9.1400E-07,8.0950819254E-03
9.1500E-07,8.0692922831E-03
9.1600E-07,8.0574323893E-03
9.1700E-07,8.0427753687E-03
9.1800E-07,8.0074682474E-03
9.1900E-07,7.9818332911E-03
9.2000E-07,7.9888223886E-03
9.2100E-07,7.9587421656E-03
9.2200E-07,7.9610502481E-03
9.2300E-07,7.9373413324E-03
9.2400E-07,7.9249841928E-03
9.2500E-07,7.9008041620E-03
9.2600E-07,7.8679453135E-03
9.2700E-07,7.8479297876E-03
9.2800E-07,7.8758623362E-03
9.2900E-07,7.8342155695E-03
9.3000E-07,7.8359720469E-03
9.3100E-07,7.8255064249E-03
9.3200E-07,7.8309393167E-03
9.3300E-07,7.7885895014E-03
9.3400E-07,7.7805883646E-03
9.3500E-07,7.7338632822E-03
9.3600E-07,7.7596870661E-03
9.3700E-07,7.7163931131E-03
9.3800E-07,7.7270056009E-03
9.3900E-07,7.6958139658E-03
9.4000E-07,7.7122486353E-03
9.4100E-07,7.6648947001E-03
9.4200E-07,7.6828315973E-03
9.4300E-07,7.6591049433E-03
9.4400E-07,7.6304931879E-03
9.4500E-07,7.6088629007E-03
9.4600E-07,7.6047331095E-03
9.4700E-07,7.5711126566E-03
9.4800E-07,7.5889503717E-03
9.4900E-07,7.5627657175E-03
9.5000E-07,7.5633627176E-03
9.5100E-07,7.5358217478E-03
9.5200E-07,7.5397070169E-03
9.5300E-07,7.4744030237E-03
9.5400E-07,7.4856697321E-03
9.5500E-07,7.4565534830E-03
9.5600E-07,7.4399635553E-03
9.5700E-07,7.4264263391E-03
9.5800E-07,7.4117532969E-03
9.5900E-07,7.3894300699E-03
9.6000E-07,7.3767641306E-03
9.6100E-07,7.3473976374E-03
9.6200E-07,7.3529016733E-03
9.6300E-07,7.3095291376E-03
9.6400E-07,7.2981634378E-03
9.6500E-07,7.2739336252E-03
9.6600E-07,7.2856210947E-03
9.6700E-07,7.2607515574E-03
9.6800E-07,7.2665048838E-03
9.6900E-07,7.2539560556E-03
9.7000E-07,7.2503347635E-03
9.7100E-07,7.2104227304E-03
9.7200E-07,7.2086792231E-03
9.7300E-07,7.1799926996E-03
9.7400E-07,7.1829460382E-03
9.7500E-07,7.1416450739E-03
9.7600E-07,7.1529091120E-03
9.7700E-07,7.1168567896E-03
9.7800E-07,7.0981989145E-03
9.7900E-07,7.0712217569E-03
9.8000E-07,7.0875564814E-03
9.8100E-07,7.0676660776E-03
9.8200E-07,7.0670912027E-03
9.8300E-07,7.0345669031E-03
9.8400E-07,7.0263550043E-03
9.8500E-07,7.0258751154E-03
9.8600E-07,7.0107992411E-03
9.8700E-07,6.9592167139E-03
9.8800E-07,6.9632879496E-03
9.8900E-07,6.9424621820E-03
9.9000E-07,6.9408083200E-03
9.9100E-07,6.9256906748E-03
9.9200E-07,6.9089395761E-03
9.9300E-07,6.9004989862E-03
9.9400E-07,6.9092466593E-03
9.9500E-07,6.8796650171E-03
9.9600E-07,6.8671566248E-03
9.9700E-07,6.8585495234E-03
9.9800E-07,6.8650356531E-03
9.9900E-07,6.8031967402E-03
1.0000E-06,6.8084888697E-03
1.0010E-06,6.7940506220E-03
1.0020E-06,6.7802614450E-03
1.0030E-06,6.7892704248E-03
1.0040E-06,6.7765674829E-03
1.0050E-06,6.7690603495E-03
1.0060E-06,6.7535537958E-03
1.0070E-06,6.7654951334E-03
1.0080E-06,6.7536165476E-03
1.0090E-06,6.7084621668E-03
1.0100E-06,6.7150461435E-03
1.0110E-06,6.6842640162E-03
1.0120E-06,6.6685878992E-03
1.0130E-06,6.6411102533E-03
1.0140E-06,6.6543775797E-03
1.0150E-06,6.6392912149E-03
1.0160E-06,6.6305031061E-03
1.0170E-06,6.6085661173E-03
1.0180E-06,6.5972147226E-03
1.0190E-06,6.5739267588E-03
1.0200E-06,6.5847357035E-03
1.0210E-06,6.5543991327E-03
1.0220E-06,6.5478603601E-03
1.0230E-06,6.5363449335E-03
1.0240E-06,6.5403537989E-03
1.0250E-06,6.5002044916E-03
1.0260E-06,6.5137546778E-03
1.0270E-06,6.4787330866E-03
1.0280E-06,6.4685064554E-03
1.0290E-06,6.4619449854E-03
1.0300E-06,6.4666918039E-03
1.0310E-06,6.4468664408E-03
1.0320E-06,6.4298267603E-03
1.0330E-06,6.4293630838E-03
1.0340E-06,6.3972172022E-03
1.0350E-06,6.3952024698E-03
1.0360E-06,6.3837387323E-03
1.0370E-06,6.3761240244E-03
1.0380E-06,6.3579660654E-03
1.0390E-06,6.3497165918E-03
1.0400E-06,6.3416342020E-03
1.0410E-06,6.3203129053E-03
1.0420E-06,6.3201072931E-03
1.0430E-06,6.2891325235E-03
1.0440E-06,6.2998729944E-03
1.0450E-06,6.2677400827E-03
1.0460E-06,6.2626322031E-03
1.0470E-06,6.2434742212E-03
1.0480E-06,6.2597261667E-03
1.0490E-06,6.2474748850E-03
1.0500E-06,6.2206636667E-03
1.0510E-06,6.1964678049E-03
1.0520E-06,6.1754875422E-03
1.0530E-06,6.1700283289E-03
1.0540E-06,6.1349867105E-03
1.0550E-06,6.1259392023E-03
1.0560E-06,6.1352619410E-03
1.0570E-06,6.1046716928E-03
1.0580E-06,6.1258932352E-03
1.0590E-06,6.0705406427E-03
1.0600E-06,6.0763908625E-03
1.0610E-06,6.0646639109E-03
1.0620E-06,6.0493215799E-03
1.0630E-06,6.0612415552E-03
1.0640E-06,6.0276912928E-03
1.0650E-06,6.0037449121E-03
1.0660E-06,5.9986320734E-03
1.0670E-06,5.9614996195E-03
1.0680E-06,5.9569454432E-03
1.0690E-06,5.9542425394E-03
1.0700E-06,5.9545362711E-03
1.0710E-06,5.9229078531E-03
1.0720E-06,5.9311676264E-03
1.0730E-06,5.8939495325E-03
1.0740E-06,5.9186304331E-03
1.0750E-06,5.8909055948E-03
1.0760E-06,5.9085880518E-03
1.0770E-06,5.8706512690E-03
1.0780E-06,5.8686054468E-03
1.0790E-06,5.8474912882E-03
1.0800E-06,5.8286978006E-03
1.0810E-06,5.8151632547E-03
1.0820E-06,5.8261770487E-03
1.0830E-06,5.8017151117E-03
1.0840E-06,5.8271631479E-03
1.0850E-06,5.7959713221E-03
1.0860E-06,5.8010561228E-03
1.0870E-06,5.7560476542E-03
1.0880E-06,5.7674124002E-03
1.0890E-06,5.7258278131E-03
1.0900E-06,5.7340452433E-03
1.0910E-06,5.7150564432E-03
1.0920E-06,5.7114912272E-03
1.0930E-06,5.7054796457E-03
1.0940E-06,5.7083734751E-03
1.0950E-06,5.6929641962E-03
1.0960E-06,5.6803406000E-03
1.0970E-06,5.6742250681E-03
1.0980E-06,5.6595253229E-03
1.0990E-06,5.6326694727E-03
1.1000E-06,5.6283537149E-03
1.1010E-06,5.6270366907E-03
1.1020E-06,5.6189733744E-03
1.1030E-06,5.5728628397E-03
1.1040E-06,5.5849239588E-03
1.1050E-06,5.5525341272E-03
1.1060E-06,5.5522619486E-03
1.1070E-06,5.5316229105E-03
1.1080E-06,5.5469606638E-03
1.1090E-06,5.5233194590E-03
1.1100E-06,5.5246406794E-03
1.1110E-06,5.5142013788E-03
1.1120E-06,5.4955578089E-03
1.1130E-06,5.4921682596E-03
1.1140E-06,5.4853815317E-03
1.1150E-06,5.5131908655E-03
1.1160E-06,5.4862327814E-03
1.1170E-06,5.4853767633E-03
1.1180E-06,5.4416111231E-03
1.1190E-06,5.4288364649E-03
1.1200E-06,5.4154516459E-03
1.1210E-06,5.4197229624E-03
1.1220E-06,5.4227480173E-03
1.1230E-06,5.4010414362E-03
1.1240E-06,5.4265794992E-03
1.1250E-06,5.4032009363E-03
1.1260E-06,5.3661997080E-03
1.1270E-06,5.3847700357E-03
1.1280E-06,5.3809118509E-03
1.1290E-06,5.3826736689E-03
1.1300E-06,5.3740341425E-03
1.1310E-06,5.3646719217E-03
1.1320E-06,5.3736391306E-03
1.1330E-06,5.3585939646E-03
1.1340E-06,5.3267162561E-03
1.1350E-06,5.3334842920E-03
1.1360E-06,5.3249031305E-03
1.1370E-06,5.3115539789E-03
1.1380E-06,5.2908861399E-03
1.1390E-06,5.2781736612E-03
1.1400E-06,5.2926363230E-03
1.1410E-06,5.2730287790E-03
1.1420E-06,5.2441393137E-03
1.1430E-06,5.2375145197E-03
1.1440E-06,5.2483221292E-03
1.1450E-06,5.2208837748E-03
1.1460E-06,5.2192915201E-03
1.1470E-06,5.1992950678E-03
1.1480E-06,5.2093641520E-03
1.1490E-06,5.1820522547E-03
1.1500E-06,5.1802744150E-03
1.1510E-06,5.1690197229E-03
1.1520E-06,5.1859325647E-03
1.1530E-06,5.1621956110E-03
1.1540E-06,5.1645687342E-03
1.1550E-06,5.1337789774E-03
1.1560E-06,5.1095823526E-03
1.1570E-06,5.1128591776E-03
1.1580E-06,5.1030723810E-03
1.1590E-06,5.0929451227E-03
1.1600E-06,5.0858677149E-03
1.1610E-06,5.0764171839E-03
1.1620E-06,5.0619316339E-03
1.1630E-06,5.0352304697E-03
1.1640E-06,5.0332388163E-03
1.1650E-06,5.0246477365E-03
1.1660E-06,5.0207144022E-03
1.1670E-06,5.0185375452E-03
1.1680E-06,5.0293796778E-03
1.1690E-06,5.0149078608E-03
1.1700E-06,5.0237999201E-03
1.1710E-06,4.9984318018E-03
1.1720E-06,4.9798856974E-03
1.1730E-06,4.9865829706E-03
1.1740E-06,4.9684513330E-03
1.1750E-06,4.9395712137E-03
1.1760E-06,4.9621256113E-03
1.1770E-06,4.9232378244E-03
1.1780E-06,4.9202877283E-03
1.1790E-06,4.9383533716E-03
1.1800E-06,4.9320331812E-03
1.1810E-06,4.9273380518E-03
1.1820E-06,4.9001194239E-03
1.1830E-06,4.8768244028E-03
1.1840E-06,4.8847334147E-03
1.1850E-06,4.8735506296E-03
1.1860E-06,4.8665924311E-03
1.1870E-06,4.8506918192E-03
1.1880E-06,4.8481651545E-03
1.1890E-06,4.8593551874E-03
1.1900E-06,4.8347873926E-03
1.1910E-06,4.8081814051E-03
1.1920E-06,4.8345653772E-03
1.1930E-06,4.7786825418E-03
1.1940E-06,4.7893680811E-03
1.1950E-06,4.7915909052E-03
1.1960E-06,4.7621361017E-03
1.1970E-06,4.7562622309E-03
1.1980E-06,4.7613918543E-03
1.1990E-06,4.7282242060E-03
1.2000E-06,4.7332777262E-03
1.2010E-06,4.7256431818E-03
1.2020E-06,4.7067943811E-03
1.2030E-06,4.7119144678E-03
1.2040E-06,4.7305095911E-03
1.2050E-06,4.7187141657E-03
1.2060E-06,4.7354162455E-03
1.2070E-06,4.7024578333E-03
1.2080E-06,4.7140299082E-03
1.2090E-06,4.6982279062E-03
1.2100E-06,4.7170816660E-03
1.2110E-06,4.6878860712E-03
1.2120E-06,4.6965257883E-03
1.2130E-06,4.6795290232E-03
1.2140E-06,4.6661455393E-03
1.2150E-06,4.6780035257E-03
1.2160E-06,4.6635317087E-03
1.2170E-06,4.6596428156E-03
1.2180E-06,4.6491852045E-03
1.2190E-06,4.6452356577E-03
1.2200E-06,4.6317386866E-03
1.2210E-06,4.6236797571E-03
1.2220E-06,4.6444528818E-03
1.2230E-06,4.6305910349E-03
1.2240E-06,4.6091211557E-03
1.2250E-06,4.6202297449E-03
1.2260E-06,4.6346256495E-03
1.2270E-06,4.6024875879E-03
1.2280E-06,4.5955646753E-03
1.2290E-06,4.5803312540E-03
1.2300E-06,4.5853796244E-03
1.2310E-06,4.5536165476E-03
1.2320E-06,4.5738016367E-03
1.2330E-06,4.5863237619E-03
1.2340E-06,4.5812780619E-03
1.2350E-06,4.5812664270E-03
1.2360E-06,4.5513721704E-03
1.2370E-06,4.5671695948E-03
1.2380E-06,4.5521587610E-03
1.2390E-06,4.5441124201E-03
1.2400E-06,4.5634674311E-03
1.2410E-06,4.5591465235E-03
1.2420E-06,4.5690813303E-03
1.2430E-06,4.5236332178E-03
1.2440E-06,4.5376087427E-03
1.2450E-06,4.5236286402E-03
1.2460E-06,4.5207926035E-03
1.2470E-06,4.5036546946E-03
1.2480E-06,4.5256796122E-03
1.2490E-06,4.5106027842E-03
1.2500E-06,4.5312784433E-03
1.2510E-06,4.4993974924E-03
1.2520E-06,4.5058042765E-03
1.2530E-06,4.4890175104E-03
1.2540E-06,4.4868908167E-03
1.2550E-06,4.4714464426E-03
1.2560E-06,4.4827926874E-03
1.2570E-06,4.4801248789E-03
1.2580E-06,4.4752397776E-03
1.2590E-06,4.4608204126E-03
1.2600E-06,4.4590471506E-03
1.2610E-06,4.4528581858E-03
1.2620E-06,4.4361946344E-03
1.2630E-06,4.4187130213E-03
1.2640E-06,4.4368530512E-03
1.2650E-06,4.4079447031E-03
1.2660E-06,4.4104995966E-03
1.2670E-06,4.4142425776E-03
1.2680E-06,4.4097784281E-03
1.2690E-06,4.4092317820E-03
1.2700E-06,4.3822794199E-03
1.2710E-06,4.3595024347E-03
1.2720E-06,4.3692035913E-03
1.2730E-06,4.3493948221E-03
1.2740E-06,4.3667360544E-03
1.2750E-06,4.3225174189E-03
1.2760E-06,4.3198042154E-03
1.2770E-06,4.3205198526E-03
1.2780E-06,4.3298401117E-03
1.2790E-06,4.3105625391E-03
1.2800E-06,4.3254326105E-03
1.2810E-06,4.2962455988E-03
1.2820E-06,4.3070951700E-03
1.2830E-06,4.3077026606E-03
1.2840E-06,4.3071308374E-03
1.2850E-06,4.2856279612E-03
1.2860E-06,4.3029739618E-03
1.2870E-06,4.2531040430E-03
1.2880E-06,4.2774074793E-03
1.2890E-06,4.2523866892E-03
1.2900E-06,4.2611253977E-03
1.2910E-06,4.2156181574E-03
1.2920E-06,4.2543932199E-03
1.2930E-06,4.2233406305E-03
1.2940E-06,4.2431179285E-03
1.2950E-06,4.1968492746E-03
1.2960E-06,4.2074014902E-03
1.2970E-06,4.2136820078E-03
1.2980E-06,4.2036594629E-03
1.2990E-06,4.1877453089E-03
1.3000E-06,4.2099733591E-03
1.3010E-06,4.1710478067E-03
1.3020E-06,4.1773622751E-03
1.3030E-06,4.1696108103E-03
1.3040E-06,4.1769994974E-03
1.3050E-06,4.1596740961E-03
1.3060E-06,4.1811184168E-03
1.3070E-06,4.1427608728E-03
1.3080E-06,4.1764385462E-03
1.3090E-06,4.1518541574E-03
1.3100E-06,4.1704529047E-03
1.3110E-06,4.1225122690E-03
1.3120E-06,4.1363353968E-03
1.3130E-06,4.1215231180E-03
1.3140E-06,4.1396934748E-03
1.3150E-06,4.1136587381E-03
1.3160E-06,4.1193739176E-03
1.3170E-06,4.1026647806E-03
1.3180E-06,4.1041652918E-03
1.3190E-06,4.0939007044E-03
1.3200E-06,4.0965336084E-03
1.3210E-06,4.0826027155E-03
1.3220E-06,4.0728960276E-03
1.3230E-06,4.0615240335E-03
1.3240E-06,4.0706039667E-03
1.3250E-06,4.0641029596E-03
1.3260E-06,4.0613689661E-03
1.3270E-06,4.0664108515E-03
1.3280E-06,4.0440124750E-03
1.3290E-06,4.0740253687E-03
1.3300E-06,4.0141811609E-03
1.3310E-06,4.0313753366E-03
1.3320E-06,3.9953983545E-03
1.3330E-06,4.0062254190E-03
1.3340E-06,3.9962383509E-03
1.3350E-06,3.9929025888E-03
1.3360E-06,3.9975260019E-03
1.3370E-06,3.9879051447E-03
1.3380E-06,3.9797416925E-03
1.3390E-06,3.9936298609E-03
1.3400E-06,3.9543583155E-03
1.3410E-06,3.9882063150E-03
1.3420E-06,3.9778763056E-03
1.3430E-06,3.9967556238E-03
1.3440E-06,3.9517879725E-03
1.3450E-06,3.9372402430E-03
1.3460E-06,3.9729101419E-03
1.3470E-06,3.9486299753E-03
1.3480E-06,3.9564943552E-03
1.3490E-06,3.9448318720E-03
1.3500E-06,3.9164417505E-03
1.3510E-06,3.9202408075E-03
1.3520E-06,3.9174721003E-03
1.3530E-06,3.9123251200E-03
1.3540E-06,3.9120380640E-03
1.3550E-06,3.9085769892E-03
1.3560E-06,3.8822860956E-03
1.3570E-06,3.8935064554E-03
1.3580E-06,3.9133001566E-03
1.3590E-06,3.8964496851E-03
1.3600E-06,3.8864046335E-03
1.3610E-06,3.8906505823E-03
1.3620E-06,3.8841949701E-03
1.3630E-06,3.8486044168E-03
1.3640E-06,3.8489637613E-03
1.3650E-06,3.8485668421E-03
1.3660E-06,3.8442140818E-03
1.3670E-06,3.8608898401E-03
1.3680E-06,3.8387226343E-03
1.3690E-06,3.8391466379E-03
1.3700E-06,3.8128271341E-03
1.3710E-06,3.8368065119E-03
1.3720E-06,3.8305931330E-03
1.3730E-06,3.8364891291E-03
1.3740E-06,3.8280918360E-03
1.3750E-06,3.8390396357E-03
1.3760E-06,3.8113987207E-03
1.3770E-06,3.8159166574E-03
1.3780E-06,3.7993555307E-03
1.3790E-06,3.7959907770E-03
1.3800E-06,3.7958477259E-03
1.3810E-06,3.7900573969E-03
1.3820E-06,3.7765228510E-03
1.3830E-06,3.7631231546E-03
1.3840E-06,3.7630335093E-03
1.3850E-06,3.7546621561E-03
1.3860E-06,3.7532427073E-03
1.3870E-06,3.7539987803E-03
1.3880E-06,3.7303777933E-03
1.3890E-06,3.7402126551E-03
1.3900E-06,3.7481785059E-03
1.3910E-06,3.7311136484E-03
1.3920E-06,3.7375452280E-03
1.3930E-06,3.7324117899E-03
1.3940E-06,3.7261224985E-03
1.3950E-06,3.7370361567E-03
1.3960E-06,3.7136549234E-03
1.3970E-06,3.7291084528E-03
1.3980E-06,3.7155912638E-03
1.3990E-06,3.7029344797E-03
1.4000E-06,3.6922949076E-03
1.4010E-06,3.6846828699E-03
1.4020E-06,3.7083166361E-03
1.4030E-06,3.6666090250E-03
1.4040E-06,3.6885689020E-03
1.4050E-06,3.6784422159E-03
1.4060E-06,3.6808920145E-03
1.4070E-06,3.6677740335E-03
1.4080E-06,3.6649982691E-03
1.4090E-06,3.6393877268E-03
1.4100E-06,3.6613203287E-03
1.4110E-06,3.6426704645E-03
1.4120E-06,3.6554170847E-03
1.4130E-06,3.6279293299E-03
1.4140E-06,3.6386028528E-03
1.4150E-06,3.6529093027E-03
1.4160E-06,3.6278486490E-03
1.4170E-06,3.6378835917E-03
1.4180E-06,3.6135862589E-03
1.4190E-06,3.6266071558E-03
1.4200E-06,3.6388157129E-03
1.4210E-06,3.6090107203E-03
1.4220E-06,3.6338958979E-03
1.4230E-06,3.6094103098E-03
1.4240E-06,3.6037185907E-03
1.4250E-06,3.5961986780E-03
1.4260E-06,3.5880308390E-03
1.4270E-06,3.6187229395E-03
1.4280E-06,3.5554067850E-03
1.4290E-06,3.6043054819E-03
1.4300E-06,3.5840633631E-03
1.4310E-06,3.5615877390E-03
1.4320E-06,3.5603906870E-03
1.4330E-06,3.5615074396E-03
1.4340E-06,3.5644161463E-03
1.4350E-06,3.5547216654E-03
1.4360E-06,3.5596342325E-03
1.4370E-06,3.5660930872E-03
1.4380E-06,3.5563396692E-03
1.4390E-06,3.5514940500E-03
1.4400E-06,3.5370348215E-03
1.4410E-06,3.5550651789E-03
1.4420E-06,3.5255871058E-03
1.4430E-06,3.5340545893E-03
1.4440E-06,3.5277378321E-03
1.4450E-06,3.5256391764E-03
1.4460E-06,3.5278293848E-03
1.4470E-06,3.5286049128E-03
1.4480E-06,3.5190351725E-03
1.4490E-06,3.5139396906E-03
1.4500E-06,3.5358495951E-03
1.4510E-06,3.5195085764E-03
1.4520E-06,3.5342621088E-03
1.4530E-06,3.5042246103E-03
1.4540E-06,3.5108089685E-03
1.4550E-06,3.4745682001E-03
1.4560E-06,3.4908985376E-03
1.4570E-06,3.4792360544E-03
1.4580E-06,3.4610582590E-03
1.4590E-06,3.4785463572E-03
1.4600E-06,3.4652967691E-03
1.4610E-06,3.4671821833E-03
1.4620E-06,3.4677791834E-03
1.4630E-06,3.4529077768E-03
1.4640E-06,3.4264436960E-03
1.4650E-06,3.4552307367E-03
1.4660E-06,3.4383384943E-03
1.4670E-06,3.4125129938E-03
1.4680E-06,3.4271711588E-03
1.4690E-06,3.4171100855E-03
1.4700E-06,3.4381883860E-03
1.4710E-06,3.4218834162E-03
1.4720E-06,3.4295498133E-03
1.4730E-06,3.3896707773E-03
1.4740E-06,3.4239067316E-03
1.4750E-06,3.3951088190E-03
1.4760E-06,3.4191538095E-03
1.4770E-06,3.4049534082E-03
1.4780E-06,3.4099769831E-03
1.4790E-06,3.3910278559E-03
1.4800E-06,3.3751556635E-03
1.4810E-06,3.3961109400E-03
1.4820E-06,3.3546472788E-03
1.4830E-06,3.3504492044E-03
1.4840E-06,3.3596563578E-03
1.4850E-06,3.3512676477E-03
1.4860E-06,3.3354000330E-03
1.4870E-06,3.3513054132E-03
1.4880E-06,3.3329426050E-03
1.4890E-06,3.3443983316E-03
1.4900E-06,3.3379921198E-03
1.4910E-06,3.3437090158E-03
1.4920E-06,3.3319402933E-03
1.4930E-06,3.3251001596E-03
1.4940E-06,3.2942980051E-03
1.4950E-06,3.3118549585E-03
1.4960E-06,3.3111143351E-03
1.4970E-06,3.2907484293E-03
1.4980E-06,3.3100927591E-03
1.4990E-06,3.3000641108E-03
1.5000E-06,3.2917038202E-03
1.5010E-06,3.2814491510E-03
1.5020E-06,3.2768606424E-03
1.5030E-06,3.2973430872E-03
1.5040E-06,3.2721449137E-03
1.5050E-06,3.2777708292E-03
1.5060E-06,3.2704921961E-03
1.5070E-06,3.2688961267E-03
1.5080E-06,3.2543340921E-03
1.5090E-06,3.2653330088E-03
1.5100E-06,3.2655565500E-03
1.5110E-06,3.2426351786E-03
1.5120E-06,3.2433418512E-03
1.5130E-06,3.2275697947E-03
1.5140E-06,3.2267112970E-03
1.5150E-06,3.2416612864E-03
1.5160E-06,3.2191793680E-03
1.5170E-06,3.2362526178E-03
1.5180E-06,3.2129480600E-03
1.5190E-06,3.2276829004E-03
1.5200E-06,3.2202337503E-03
1.5210E-06,3.1984274149E-03
1.5220E-06,3.2007206202E-03
1.5230E-06,3.2205372095E-03
1.5240E-06,3.1989584208E-03
1.5250E-06,3.1942756891E-03
1.5260E-06,3.2211189508E-03
1.5270E-06,3.1879633188E-03
1.5280E-06,3.1786253214E-03
1.5290E-06,3.1928611994E-03
1.5300E-06,3.1786319971E-03
1.5310E-06,3.2045040369E-03
1.5320E-06,3.1758554697E-03
1.5330E-06,3.1513590097E-03
1.5340E-06,3.1741676569E-03
1.5350E-06,3.1630357981E-03
1.5360E-06,3.1438083887E-03
1.5370E-06,3.1559440851E-03
1.5380E-06,3.1168462992E-03
1.5390E-06,3.1528801203E-03
1.5400E-06,3.1355350733E-03
1.5410E-06,3.1315088511E-03
1.5420E-06,3.1318851709E-03
1.5430E-06,3.1303009272E-03
1.5440E-06,3.1311342478E-03
1.5450E-06,3.1076818705E-03
1.5460E-06,3.1214637995E-03
1.5470E-06,3.1181463480E-03
1.5480E-06,3.1145609140E-03
1.5490E-06,3.0753027201E-03
1.5500E-06,3.0846483469E-03
1.5510E-06,3.0738264322E-03
1.5520E-06,3.0794367075E-03
1.5530E-06,3.0714544535E-03
1.5540E-06,3.0701444864E-03
1.5550E-06,3.0570366144E-03
1.5560E-06,3.0788868189E-03
1.5570E-06,3.0508901834E-03
1.5580E-06,3.0863243341E-03
1.5590E-06,3.0508550882E-03
1.5600E-06,3.0577787638E-03
1.5610E-06,3.0699373484E-03
1.5620E-06,3.0499014139E-03
1.5630E-06,3.0535351038E-03
1.5640E-06,3.0392654657E-03
1.5650E-06,3.0400446177E-03
1.5660E-06,3.0416084528E-03
1.5670E-06,3.0251817942E-03
1.5680E-06,3.0257347345E-03
1.5690E-06,3.0365604639E-03
1.5700E-06,3.0187729120E-03
1.5710E-06,3.0329694986E-03
1.5720E-06,3.0150488138E-03
1.5730E-06,3.0154667139E-03
1.5740E-06,3.0199627161E-03
1.5750E-06,3.0289724588E-03
1.5760E-06,3.0280739069E-03
1.5770E-06,3.0237119913E-03
1.5780E-06,2.9932916880E-03
1.5790E-06,2.9685617685E-03
1.5800E-06,2.9957370996E-03
1.5810E-06,2.9998390436E-03
1.5820E-06,2.9869787455E-03
1.5830E-06,2.9823086023E-03
1.5840E-06,2.9890049219E-03
1.5850E-06,2.9716173410E-03
1.5860E-06,2.9790514231E-03
1.5870E-06,2.9841001749E-03
1.5880E-06,2.9728830576E-03
1.5890E-06,2.9568853617E-03
1.5900E-06,2.9511718988E-03
1.5910E-06,2.9731882334E-03
1.5920E-06,2.9576706171E-03
1.5930E-06,2.9220648050E-03
1.5940E-06,2.9301571131E-03
1.5950E-06,2.9222330332E-03
1.5960E-06,2.9416139841E-03
1.5970E-06,2.9396614313E-03
1.5980E-06,2.9281490564E-03
1.5990E-06,2.9289274454E-03
1.6000E-06,2.9157869577E-03
1.6010E-06,2.9121784449E-03
1.6020E-06,2.8940468073E-03
1.6030E-06,2.9189007044E-03
1.6040E-06,2.9256162882E-03
1.6050E-06,2.9212549448E-03
1.6060E-06,2.8898847818E-03
1.6070E-06,2.9128221750E-03
1.6080E-06,2.8944486856E-03
1.6090E-06,2.8908304453E-03
1.6100E-06,2.8763435602E-03
1.6110E-06,2.8812990427E-03
1.6120E-06,2.8522735834E-03
1.6130E-06,2.8717396021E-03
1.6140E-06,2.8480057001E-03
1.6150E-06,2.8609512568E-03
1.6160E-06,2.8791948557E-03
1.6170E-06,2.8593399286E-03
1.6180E-06,2.8408678293E-03
1.6190E-06,2.8383808374E-03
1.6200E-06,2.8625665903E-03
1.6210E-06,2.8611465693E-03
1.6220E-06,2.8569517374E-03
1.6230E-06,2.8537830591E-03
1.6240E-06,2.8405849695E-03
1.6250E-06,2.8472816706E-03
1.6260E-06,2.8576153040E-03
1.6270E-06,2.8534578562E-03
1.6280E-06,2.8472082376E-03
1.6290E-06,2.8348156214E-03
1.6300E-06,2.8269733667E-03
1.6310E-06,2.8462639093E-03
1.6320E-06,2.8279226542E-03
1.6330E-06,2.8511375666E-03
1.6340E-06,2.8203037500E-03
1.6350E-06,2.8521925211E-03
1.6360E-06,2.8391348124E-03
1.6370E-06,2.8354633570E-03
1.6380E-06,2.8103523493E-03
1.6390E-06,2.8178997278E-03
1.6400E-06,2.7926197290E-03
1.6410E-06,2.7996895075E-03
1.6420E-06,2.7896488428E-03
1.6430E-06,2.7794306040E-03
1.6440E-06,2.8082067728E-03
1.6450E-06,2.8120607615E-03
1.6460E-06,2.7935810328E-03
1.6470E-06,2.8001503229E-03
1.6480E-06,2.8060302973E-03
1.6490E-06,2.7873865366E-03
1.6500E-06,2.7907940149E-03
1.6510E-06,2.7909780741E-03
1.6520E-06,2.7992071390E-03
1.6530E-06,2.8013502359E-03
1.6540E-06,2.7756662607E-03
1.6550E-06,2.7860935450E-03
1.6560E-06,2.7756994486E-03
1.6570E-06,2.7715311289E-03
1.6580E-06,2.7635557413E-03
1.6590E-06,2.7606420755E-03
1.6600E-06,2.7658764124E-03
1.6610E-06,2.7706121683E-03
1.6620E-06,2.7678840876E-03
1.6630E-06,2.7652900934E-03
1.6640E-06,2.7498722315E-03
1.6650E-06,2.7559246302E-03
1.6660E-06,2.7566700220E-03
1.6670E-06,2.7464645624E-03
1.6680E-06,2.7574882746E-03
1.6690E-06,2.7352613688E-03
1.6700E-06,2.7410370111E-03
1.6710E-06,2.7521753550E-03
1.6720E-06,2.7372307062E-03
1.6730E-06,2.7313139200E-03
1.6740E-06,2.7418754816E-03
1.6750E-06,2.7306078196E-03
1.6760E-06,2.7334577799E-03
1.6770E-06,2.7448396921E-03
1.6780E-06,2.7306669474E-03
1.6790E-06,2.7298021555E-03
1.6800E-06,2.7147253275E-03
1.6810E-06,2.7349954844E-03
1.6820E-06,2.7117161036E-03
1.6830E-06,2.7246719599E-03
1.6840E-06,2.7019544840E-03
1.6850E-06,2.7211738825E-03
1.6860E-06,2.7002527475E-03
1.6870E-06,2.7035827875E-03
1.6880E-06,2.7263509989E-03
1.6890E-06,2.7231828928E-03
1.6900E-06,2.7102041483E-03
1.6910E-06,2.7179481745E-03
1.6920E-06,2.7126981974E-03
1.6930E-06,2.6954185724E-03
1.6940E-06,2.7103954554E-03
1.6950E-06,2.7067314386E-03
1.6960E-06,2.7064346552E-03
1.6970E-06,2.6962499857E-03
1.6980E-06,2.6814760447E-03
1.6990E-06,2.6993013620E-03
1.7000E-06,2.6880518198E-03
1.7010E-06,2.6907755136E-03
1.7020E-06,2.6821047068E-03
1.7030E-06,2.7004713297E-03
1.7040E-06,2.6652681589E-03
1.7050E-06,2.6943693399E-03
1.7060E-06,2.6652500391E-03
1.7070E-06,2.6626796961E-03
1.7080E-06,2.6633386850E-03
1.7090E-06,2.6599479914E-03
1.7100E-06,2.6638736963E-03
1.7110E-06,2.6653612375E-03
1.7120E-06,2.6788292170E-03
1.7130E-06,2.6691585779E-03
1.7140E-06,2.6580412149E-03
1.7150E-06,2.6666837931E-03
1.7160E-06,2.6490179300E-03
1.7170E-06,2.6512638330E-03
1.7180E-06,2.6466835260E-03
1.7190E-06,2.6316839457E-03
1.7200E-06,2.6413439035E-03
1.7210E-06,2.6324930429E-03
1.7220E-06,2.6299412012E-03
1.7230E-06,2.6409525156E-03
1.7240E-06,2.6295854807E-03
1.7250E-06,2.6335718393E-03
1.7260E-06,2.6224897623E-03
1.7270E-06,2.6023050547E-03
1.7280E-06,2.5802477121E-03
1.7290E-06,2.6011223078E-03
1.7300E-06,2.5939880610E-03
1.7310E-06,2.6149271250E-03
1.7320E-06,2.5762619257E-03
1.7330E-06,2.6254904032E-03
1.7340E-06,2.5856262445E-03
1.7350E-06,2.6050602198E-03
1.7360E-06,2.5928098917E-03
1.7370E-06,2.6011307001E-03
1.7380E-06,2.5878862619E-03
1.7390E-06,2.5887569666E-03
1.7400E-06,2.5724102259E-03
1.7410E-06,2.5822084665E-03
1.7420E-06,2.6050815821E-03
1.7430E-06,2.5826910257E-03
1.7440E-06,2.5925392389E-03
1.7450E-06,2.5765045404E-03
1.7460E-06,2.5765657663E-03
1.7470E-06,2.5721803904E-03
1.7480E-06,2.5758032084E-03
1.7490E-06,2.5711414576E-03
1.7500E-06,2.5761381388E-03
1.7510E-06,2.5738287210E-03
1.7520E-06,2.5663633585E-03
1.7530E-06,2.5691568613E-03
1.7540E-06,2.5571716547E-03
1.7550E-06,2.5763647318E-03
1.7560E-06,2.5691351175E-03
1.7570E-06,2.5597763300E-03
1.7580E-06,2.5562124491E-03
1.7590E-06,2.5522424936E-03
1.7600E-06,2.5677597284E-03
1.7610E-06,2.5639240503E-03
1.7620E-06,2.5591057062E-03
1.7630E-06,2.5648702860E-03
1.7640E-06,2.5796547174E-03
1.7650E-06,2.5244564295E-03
1.7660E-06,2.5734224558E-03
1.7670E-06,2.5474220514E-03
1.7680E-06,2.5714683771E-03
1.7690E-06,2.5453031778E-03
1.7700E-06,2.5516073465E-03
1.7710E-06,2.5367580652E-03
1.7720E-06,2.5478319407E-03
1.7730E-06,2.5344015360E-03
1.7740E-06,2.5664968729E-03
1.7750E-06,2.5378372431E-03
1.7760E-06,2.5538419962E-03
1.7770E-06,2.5268074274E-03
1.7780E-06,2.5476110697E-03
1.7790E-06,2.5016771555E-03
1.7800E-06,2.5120857477E-03
1.7810E-06,2.5377651453E-03
1.7820E-06,2.5187803507E-03
1.7830E-06,2.5399235010E-03
1.7840E-06,2.5301943064E-03
1.7850E-06,2.5449957132E-03
1.7860E-06,2.5140281916E-03
1.7870E-06,2.5188596964E-03
1.7880E-06,2.5091995478E-03
1.7890E-06,2.5084146738E-03
1.7900E-06,2.5372167826E-03
1.7910E-06,2.5400831461E-03
1.7920E-06,2.5142868280E-03
1.7930E-06,2.5511436701E-03
1.7940E-06,2.5270094156E-03
1.7950E-06,2.5461094141E-03
1.7960E-06,2.5291828394E-03
1.7970E-06,2.5429193735E-03
1.7980E-06,2.5123064280E-03
1.7990E-06,2.5341568232E-03
1.8000E-06,2.5174942255E-03
1.8010E-06,2.5285988092E-03
1.8020E-06,2.5113857508E-03
1.8030E-06,2.5028915644E-03
1.8040E-06,2.5095155954E-03
1.8050E-06,2.5087003946E-03
1.8060E-06,2.5138868570E-03
1.8070E-06,2.5050689936E-03
1.8080E-06,2.5094478846E-03
1.8090E-06,2.4982338190E-03
1.8100E-06,2.5068786860E-03
1.8110E-06,2.5128250360E-03
1.8120E-06,2.4968343973E-03
1.8130E-06,2.5221294641E-03
1.8140E-06,2.4954887629E-03
1.8150E-06,2.4791015863E-03
1.8160E-06,2.4967943430E-03
1.8170E-06,2.4916153193E-03
1.8180E-06,2.4876487970E-03
1.8190E-06,2.4831224680E-03
1.8200E-06,2.4727478266E-03
1.8210E-06,2.4925401926E-03
1.8220E-06,2.4820854425E-03
1.8230E-06,2.4929706812E-03
1.8240E-06,2.4864334345E-03
1.8250E-06,2.5031791925E-03
1.8260E-06,2.4854601145E-03
1.8270E-06,2.4694097757E-03
1.8280E-06,2.4738203287E-03
1.8290E-06,2.4880380869E-03
1.8300E-06,2.4856928110E-03
1.8310E-06,2.4617807627E-03
1.8320E-06,2.4852072001E-03
1.8330E-06,2.4841434717E-03
1.8340E-06,2.4924192667E-03
1.8350E-06,2.4940023661E-03
1.8360E-06,2.4789322138E-03
1.8370E-06,2.4700449228E-03
1.8380E-06,2.4559379816E-03
1.8390E-06,2.4688793421E-03
1.8400E-06,2.4517654657E-03
1.8410E-06,2.4662590265E-03
1.8420E-06,2.4490072489E-03
1.8430E-06,2.4488163233E-03
1.8440E-06,2.4660345316E-03
1.8450E-06,2.4408813715E-03
1.8460E-06,2.4475635767E-03
1.8470E-06,2.4394998789E-03
1.8480E-06,2.4525446177E-03
1.8490E-06,2.4547668695E-03
1.8500E-06,2.4593723536E-03
1.8510E-06,2.4456562281E-03
1.8520E-06,2.4271764994E-03
1.8530E-06,2.4289894342E-03
1.8540E-06,2.4437391520E-03
1.8550E-06,2.4356216669E-03
1.8560E-06,2.4245666742E-03
1.8570E-06,2.4354542017E-03
1.8580E-06,2.4034166574E-03
1.8590E-06,2.4512668848E-03
1.8600E-06,2.4357679605E-03
1.8610E-06,2.4263511896E-03
1.8620E-06,2.4410646677E-03
1.8630E-06,2.4178219080E-03
1.8640E-06,2.4622638941E-03
1.8650E-06,2.4265085459E-03
1.8660E-06,2.4285776377E-03
1.8670E-06,2.4285690546E-03
1.8680E-06,2.4243728876E-03
1.8690E-06,2.4275240183E-03
1.8700E-06,2.4246002436E-03
1.8710E-06,2.4208021402E-03
1.8720E-06,2.4032335520E-03
1.8730E-06,2.4105232477E-03
1.8740E-06,2.4187681437E-03
1.8750E-06,2.3992157221E-03
1.8760E-06,2.4130419016E-03
1.8770E-06,2.3999117136E-03
1.8780E-06,2.4068859339E-03
1.8790E-06,2.4102871180E-03
1.8800E-06,2.3892038584E-03
1.8810E-06,2.3952657938E-03
1.8820E-06,2.3909542322E-03
1.8830E-06,2.3581461191E-03
1.8840E-06,2.3819278955E-03
1.8850E-06,2.3936348200E-03
1.8860E-06,2.3779865503E-03
1.8870E-06,2.3693193674E-03
1.8880E-06,2.3878227472E-03
1.8890E-06,2.3812511683E-03
1.8900E-06,2.3767872095E-03
1.8910E-06,2.3780334711E-03
1.8920E-06,2.3857950449E-03
1.8930E-06,2.3777994394E-03
1.8940E-06,2.3862381220E-03
1.8950E-06,2.3859781504E-03
1.8960E-06,2.3757538080E-03
1.8970E-06,2.3501348734E-03
1.8980E-06,2.3591018915E-03
1.8990E-06,2.3340593576E-03
1.9000E-06,2.3799892664E-03
1.9010E-06,2.3652811289E-03
1.9020E-06,2.3747963190E-03
1.9030E-06,2.3504413843E-03
1.9040E-06,2.3677759409E-03
1.9050E-06,2.3307121515E-03
1.9060E-06,2.3506349802E-03
1.9070E-06,2.3457016230E-03
1.9080E-06,2.3359623194E-03
1.9090E-06,2.3509735346E-03
1.9100E-06,2.3480793238E-03
1.9110E-06,2.3329309702E-03
1.9120E-06,2.3187750101E-03
1.9130E-06,2.3280622721E-03
1.9140E-06,2.3200706720E-03
1.9150E-06,2.3361620188E-03
1.9160E-06,2.3384050608E-03
1.9170E-06,2.3356340647E-03
1.9180E-06,2.3109512568E-03
1.9190E-06,2.3315311670E-03
1.9200E-06,2.3128559351E-03
1.9210E-06,2.2971134424E-03
1.9220E-06,2.2884283304E-03
1.9230E-06,2.3017528772E-03
1.9240E-06,2.3012157679E-03
1.9250E-06,2.3088791132E-03
1.9260E-06,2.3141073465E-03
1.9270E-06,2.2933914423E-03
1.9280E-06,2.3076597452E-03
1.9290E-06,2.2995790720E-03
1.9300E-06,2.3050483942E-03
1.9310E-06,2.2900234461E-03
1.9320E-06,2.2890386820E-03
1.9330E-06,2.3013828516E-03
1.9340E-06,2.3074497461E-03
1.9350E-06,2.2904169321E-03
1.9360E-06,2.2892578363E-03
1.9370E-06,2.2820047617E-03
1.9380E-06,2.2877720118E-03
1.9390E-06,2.2720550776E-03
1.9400E-06,2.2814703226E-03
1.9410E-06,2.2986971140E-03
1.9420E-06,2.3062223673E-03
1.9430E-06,2.2998644114E-03
1.9440E-06,2.2959694147E-03
1.9450E-06,2.2854461908E-03
1.9460E-06,2.2920467615E-03
1.9470E-06,2.2907696009E-03
1.9480E-06,2.2680824518E-03
1.9490E-06,2.3098556757E-03
1.9500E-06,2.2893116236E-03
1.9510E-06,2.2972831964E-03
1.9520E-06,2.2813127756E-03
1.9530E-06,2.2829864740E-03
1.9540E-06,2.2855373621E-03
1.9550E-06,2.2850071192E-03
1.9560E-06,2.2842804193E-03
1.9570E-06,2.2925777674E-03
1.9580E-06,2.2497722864E-03
1.9590E-06,2.2863668680E-03
1.9600E-06,2.2827467203E-03
1.9610E-06,2.2706102610E-03
1.9620E-06,2.2696138620E-03
1.9630E-06,2.2598863840E-03
1.9640E-06,2.2765726328E-03
1.9650E-06,2.2728821039E-03
1.9660E-06,2.2742019892E-03
1.9670E-06,2.2650604486E-03
1.9680E-06,2.2650951624E-03
1.9690E-06,2.2733600855E-03
1.9700E-06,2.2455789804E-03
1.9710E-06,2.2786409616E-03
1.9720E-06,2.2488516092E-03
1.9730E-06,2.2486885309E-03
1.9740E-06,2.2358406305E-03
1.9750E-06,2.2278761148E-03
1.9760E-06,2.2586401224E-03
1.9770E-06,2.2279949427E-03
1.9780E-06,2.2451896906E-03
1.9790E-06,2.2435438395E-03
1.9800E-06,2.2349436045E-03
1.9810E-06,2.2362091303E-03
1.9820E-06,2.2119041681E-03
1.9830E-06,2.2593603373E-03
1.9840E-06,2.2257475138E-03
1.9850E-06,2.2261818171E-03
1.9860E-06,2.2570629358E-03
1.9870E-06,2.2150377512E-03
1.9880E-06,2.2259865046E-03
1.9890E-06,2.2329328775E-03
1.9900E-06,2.2270857096E-03
1.9910E-06,2.2430513620E-03
1.9920E-06,2.2384033442E-03
1.9930E-06,2.2221693277E-03
1.9940E-06,2.2252763987E-03
1.9950E-06,2.2168693781E-03
1.9960E-06,2.2043491602E-03
1.9970E-06,2.2096456766E-03
1.9980E-06,2.2042423487E-03
1.9990E-06,2.1905033350E-03
2.0000E-06,2.1876655817E-03
2.0010E-06,2.2037008524E-03
2.0020E-06,2.2025408030E-03
2.0030E-06,2.2092602015E-03
2.0040E-06,2.2121116877E-03
2.0050E-06,2.1893188715E-03
2.0060E-06,2.1950897455E-03
2.0070E-06,2.2142139673E-03
2.0080E-06,2.2052023172E-03
2.0090E-06,2.2013468027E-03
2.0100E-06,2.1955814600E-03
2.0110E-06,2.2058990717E-03
2.0120E-06,2.1933058023E-03
2.0130E-06,2.1917238474E-03
2.0140E-06,2.2067634821E-03
2.0150E-06,2.2116630793E-03
2.0160E-06,2.2099842310E-03
2.0170E-06,2.1766952753E-03
2.0180E-06,2.1602318048E-03
2.0190E-06,2.1936331034E-03
2.0200E-06,2.1958076715E-03
2.0210E-06,2.2071642160E-03
2.0220E-06,2.1993244410E-03
2.0230E-06,2.2066974878E-03
2.0240E-06,2.1818273783E-03
2.0250E-06,2.1687765360E-03
2.0260E-06,2.1602405787E-03
2.0270E-06,2.1802995920E-03
2.0280E-06,2.1607811213E-03
2.0290E-06,2.1819807291E-03
2.0300E-06,2.1511415720E-03
2.0310E-06,2.1886902094E-03
2.0320E-06,2.1623630762E-03
2.0330E-06,2.1996687174E-03
2.0340E-06,2.1832582712E-03
2.0350E-06,2.1975223780E-03
2.0360E-06,2.1821733713E-03
2.0370E-06,2.1821552515E-03
2.0380E-06,2.1827652216E-03
2.0390E-06,2.1874176264E-03
2.0400E-06,2.1804380655E-03
2.0410E-06,2.1697084665E-03
2.0420E-06,2.1711265802E-03
2.0430E-06,2.1602228403E-03
2.0440E-06,2.1360256433E-03
2.0450E-06,2.1771862268E-03
2.0460E-06,2.1415903330E-03
2.0470E-06,2.1619890451E-03
2.0480E-06,2.1413418055E-03
2.0490E-06,2.1586740732E-03
2.0500E-06,2.1478224039E-03
2.0510E-06,2.1663837671E-03
2.0520E-06,2.1484609842E-03
2.0530E-06,2.1383671045E-03
2.0540E-06,2.1361131907E-03
2.0550E-06,2.1473629236E-03
2.0560E-06,2.1520534754E-03
2.0570E-06,2.1575416803E-03
2.0580E-06,2.1353260279E-03
2.0590E-06,2.1464845896E-03
2.0600E-06,2.1424310923E-03
2.0610E-06,2.1551065683E-03
2.0620E-06,2.1294937372E-03
2.0630E-06,2.1382898569E-03
2.0640E-06,2.1287050486E-03
2.0650E-06,2.1366398096E-03
2.0660E-06,2.1278604746E-03
2.0670E-06,2.1103014231E-03
